number,rank,code,title,open_date,sales,sales_acc,audience,audience_acc,screen,show
1,1,20150976,신과함께-죄와 벌,2017-12-20,7715346100,76065842532,916689,9456184,1644,7957
2,2,20170590,1987,2017-12-27,4460740100,19714744137,531520,2473597,1097,4982
3,3,20170402,강철비,2017-12-14,944300600,32939198166,114310,4128603,602,1451
4,4,20179462,위대한 쇼맨,2017-12-20,509959700,7166998900,60072,874659,432,843
5,5,20174965,극장판 포켓몬스터 너로 정했다!,2017-12-21,262886500,3380416200,34103,449358,417,605
6,6,20176082,몬스터 패밀리,2017-12-21,205793300,2737066e3,26521,368151,342,463
7,7,20176947,원더,2017-12-27,158549600,790939300,19322,101002,183,378
8,8,20174846,뽀로로 극장판 공룡섬 대모험,2017-12-07,109207600,5958096200,13750,787493,195,270
9,9,20177479,극장판 프리파라 모두의 동경♪ 렛츠고☆프리파리,2017-12-28,47882900,327731800,5940,42390,166,246
10,10,20170443,스타워즈: 라스트 제다이,2017-12-14,35090500,8570976561,3298,949845,35,42
1,1,20150976,신과함께-죄와 벌,2017-12-20,2205552800,78271395332,294360,9750544,1446,7019
2,2,20170590,1987,2017-12-27,1643446600,21358190737,217249,2690846,1063,5044
3,3,20170402,강철비,2017-12-14,358155600,33297353766,48123,4176726,580,1541
4,4,20179462,위대한 쇼맨,2017-12-20,269267500,7436266400,35182,909841,444,949
5,5,20174965,극장판 포켓몬스터 너로 정했다!,2017-12-21,123797500,3504213700,17929,467287,371,510
6,6,20176082,몬스터 패밀리,2017-12-21,8687e4,2823936e3,12678,380829,298,386
7,7,20176947,원더,2017-12-27,85593600,876532900,11397,112399,173,512
8,8,20174846,뽀로로 극장판 공룡섬 대모험,2017-12-07,50359500,6008455700,7200,794693,156,217
9,9,20177479,극장판 프리파라 모두의 동경♪ 렛츠고☆프리파리,2017-12-28,23536500,351268300,3305,45695,148,225
10,10,20170443,스타워즈: 라스트 제다이,2017-12-14,38465e3,8609441561,2914,952759,37,63
1,1,20150976,신과함께-죄와 벌,2017-12-20,1622679700,79894075032,215997,9966541,1241,5724
2,2,20170590,1987,2017-12-27,1329406e3,22687596737,174991,2865837,964,4231
3,3,20171909,쥬만지: 새로운 세계,2018-01-03,946061400,967156400,124782,127356,724,3110
4,4,20177104,페르디난드,2018-01-03,377633e3,389883e3,55644,57302,496,956
5,5,20170402,강철비,2017-12-14,216057300,33513411066,28596,4205322,518,1225
6,6,20179462,위대한 쇼맨,2017-12-20,197451900,7633718300,25851,935692,366,833
7,7,20174965,극장판 포켓몬스터 너로 정했다!,2017-12-21,48771800,3552985500,7052,474339,153,178
8,8,20176947,원더,2017-12-27,33562e3,910094900,4560,116959,128,258
9,9,20174846,뽀로로 극장판 공룡섬 대모험,2017-12-07,2752e4,6035975700,4024,798717,87,111
10,10,20176082,몬스터 패밀리,2017-12-21,23183700,2847119700,3466,384295,98,105
1,1,20150976,신과함께-죄와 벌,2017-12-20,1629949600,81524024632,217041,10183582,1227,5526
2,2,20170590,1987,2017-12-27,1240967300,23928564037,163434,3029271,986,4260
3,3,20171909,쥬만지: 새로운 세계,2018-01-03,817357100,1784513500,107671,235027,746,3108
4,4,20177104,페르디난드,2018-01-03,348750800,738633800,51463,108765,578,1095
5,5,20170402,강철비,2017-12-14,193722700,33707133766,25612,4230934,502,1126
6,6,20179462,위대한 쇼맨,2017-12-20,186925500,7820643800,24109,959801,348,792
7,7,20161872,너의 이름은.,2017-01-04,96383800,29663588456,13070,3687464,115,206
8,8,20174965,극장판 포켓몬스터 너로 정했다!,2017-12-21,38617200,3591602700,5566,479905,137,154
9,9,20176947,원더,2017-12-27,38756100,948851e3,5228,122187,143,282
10,10,20174846,뽀로로 극장판 공룡섬 대모험,2017-12-07,23784900,6059760600,3558,802275,87,110
1,1,20150976,신과함께-죄와 벌,2017-12-20,2251518243,83775542875,268190,10451772,1211,5497
2,2,20170590,1987,2017-12-27,1708118697,25636682734,202194,3231465,1012,4456
3,3,20171909,쥬만지: 새로운 세계,2018-01-03,1142337080,2926850580,135352,370379,750,3200
4,4,20177104,페르디난드,2018-01-03,363742300,1102376100,48430,157195,631,1244
5,5,20179462,위대한 쇼맨,2017-12-20,242077900,8062721700,28042,987843,346,799
6,6,20170402,강철비,2017-12-14,228568100,33935701866,27292,4258226,495,1081
7,7,20176947,원더,2017-12-27,49733777,998584777,5943,128130,157,297
8,8,20161872,너의 이름은.,2017-01-04,45987700,29709576156,5519,3692983,121,211
9,9,20174965,극장판 포켓몬스터 너로 정했다!,2017-12-21,33076900,3624679600,4230,484135,140,156
10,10,20174846,뽀로로 극장판 공룡섬 대모험,2017-12-07,23795500,6083556100,3202,805477,93,115
1,1,20150976,신과함께-죄와 벌,2017-12-20,4605381262,88380924137,548356,11000128,1260,5536
2,2,20170590,1987,2017-12-27,3672277298,29308960032,436764,3668229,1094,4812
3,3,20171909,쥬만지: 새로운 세계,2018-01-03,2271381970,5198232550,268769,639148,780,3195
4,4,20177104,페르디난드,2018-01-03,765138800,1867514900,100208,257403,698,1595
5,5,20170402,강철비,2017-12-14,410684600,34346386466,49258,4307484,457,943
6,6,20179462,위대한 쇼맨,2017-12-20,378607600,8441329300,43965,1031808,353,751
7,7,20176947,원더,2017-12-27,83831368,1082416145,10001,138131,144,261
8,8,20174965,극장판 포켓몬스터 너로 정했다!,2017-12-21,54769e3,3679448600,7139,491274,159,198
9,9,20161872,너의 이름은.,2017-01-04,51849300,29761425456,6225,3699208,120,197
10,10,20174846,뽀로로 극장판 공룡섬 대모험,2017-12-07,29661900,6113218e3,3725,809202,93,107
1,1,20150976,신과함께-죄와 벌,2017-12-20,4191360200,92572284337,502259,11502387,1258,5464
2,2,20170590,1987,2017-12-27,3539272900,32848232932,421162,4089391,1067,4738
3,3,20171909,쥬만지: 새로운 세계,2018-01-03,2144238100,7342470650,255408,894556,791,3162
4,4,20177104,페르디난드,2018-01-03,758165400,2625680300,98378,355781,689,1549
5,5,20170402,강철비,2017-12-14,359118e3,34705504466,43259,4350743,449,914
6,6,20179462,위대한 쇼맨,2017-12-20,345798300,8787127600,40085,1071893,352,746
7,7,20176947,원더,2017-12-27,80570100,1162986245,9554,147685,142,259
8,8,20174965,극장판 포켓몬스터 너로 정했다!,2017-12-21,56346900,3735795500,7256,498530,151,190
9,9,20161872,너의 이름은.,2017-01-04,50288700,29811714156,6018,3705226,116,189
10,10,20174846,뽀로로 극장판 공룡섬 대모험,2017-12-07,27623300,6140841300,3472,812674,89,101
1,1,20170590,1987,2017-12-27,1368451800,34216684732,179977,4269368,1012,4545
2,2,20150976,신과함께-죄와 벌,2017-12-20,1307221900,93879506237,174362,11676749,1171,5192
3,3,20171909,쥬만지: 새로운 세계,2018-01-03,661742400,8004213050,86321,980877,729,3111
4,4,20177104,페르디난드,2018-01-03,174757200,2800437500,25711,381492,568,1253
5,5,20179462,위대한 쇼맨,2017-12-20,165805900,8952933500,21194,1093087,368,818
6,6,20170402,강철비,2017-12-14,132094200,34837598666,17562,4368305,454,1001
7,7,20176947,원더,2017-12-27,34154e3,1197140245,4544,152229,149,284
8,8,20174965,극장판 포켓몬스터 너로 정했다!,2017-12-21,15242500,3751038e3,2176,500706,129,154
9,9,20179985,코코,2018-01-11,1823e4,83306e3,2110,8307,9,9
10,10,20174846,뽀로로 극장판 공룡섬 대모험,2017-12-07,7463e3,6148304300,1115,813789,74,83
1,1,20170590,1987,2017-12-27,1333201300,35549886032,175795,4445163,1052,4598
2,2,20150976,신과함께-죄와 벌,2017-12-20,1165847200,95045353437,156347,11833096,1182,5155
3,3,20171909,쥬만지: 새로운 세계,2018-01-03,614759100,8618972150,80591,1061468,736,3085
4,4,20177104,페르디난드,2018-01-03,180347700,2980785200,26788,408280,566,1225
5,5,20179462,위대한 쇼맨,2017-12-20,165811700,9118745200,21217,1114304,371,806
6,6,20170402,강철비,2017-12-14,122211800,34959810466,16294,4384599,450,972
7,7,20176947,원더,2017-12-27,34367e3,1231507245,4588,156817,149,275
8,8,20161872,너의 이름은.,2017-01-04,17711900,29837625556,2591,3708917,78,104
9,9,20174965,극장판 포켓몬스터 너로 정했다!,2017-12-21,15103500,3766141500,2191,502897,132,157
10,10,20174846,뽀로로 극장판 공룡섬 대모험,2017-12-07,8105500,6156409800,1261,815050,81,88
1,1,20170590,1987,2017-12-27,1264934200,36814820232,166737,4611900,1080,4666
2,2,20150976,신과함께-죄와 벌,2017-12-20,1061504e3,96106857437,141830,11974926,1170,5039
3,3,20171909,쥬만지: 새로운 세계,2018-01-03,569717e3,9188689150,73997,1135465,715,3032
4,4,20177104,페르디난드,2018-01-03,156668300,3137453500,23334,431614,534,1161
5,5,20179462,위대한 쇼맨,2017-12-20,176585700,9295330900,22621,1136925,377,832
6,6,20170402,강철비,2017-12-14,114744300,35074554766,15391,4399990,451,938
7,7,20176104,그것만이 내 세상,2018-01-17,51407e3,71575e3,6307,8566,34,35
8,8,20176947,원더,2017-12-27,34303300,1265810545,4525,161342,149,280
9,9,20174965,극장판 포켓몬스터 너로 정했다!,2017-12-21,13746200,3779887700,1986,504883,125,145
10,10,20179985,코코,2018-01-11,22528700,111234700,1973,10730,17,17
1,1,20170590,1987,2017-12-27,1097894600,37912714832,143893,4755793,957,3840
2,2,20150976,신과함께-죄와 벌,2017-12-20,926874200,97033731637,123573,12098499,891,3514
3,3,20179985,코코,2018-01-11,801853900,913088600,106921,117651,937,3329
4,4,20171909,쥬만지: 새로운 세계,2018-01-03,423587900,9612277050,55686,1191151,586,1963
5,5,20173547,다운사이징,2018-01-11,247341600,253960100,32562,33321,511,1657
6,6,20179462,위대한 쇼맨,2017-12-20,91539e3,9386869900,11648,1148573,203,362
7,7,20177104,페르디난드,2018-01-03,69261600,3206715100,10633,442247,325,466
8,8,20177602,"쏘아올린 불꽃, 밑에서 볼까? 옆에서 볼까?",2018-01-11,60159600,63129400,8183,8556,390,910
9,9,20170402,강철비,2017-12-14,40684e3,35115238766,5400,4405390,186,292
10,10,20179286,하이큐!! 콘셉트의 싸움,2018-01-11,27030500,27030500,3869,3869,97,174
1,1,20170590,1987,2017-12-27,1589846454,39502561286,186221,4942014,995,4045
2,2,20150976,신과함께-죄와 벌,2017-12-20,1231178700,98264910337,146496,12244995,920,3623
3,3,20179985,코코,2018-01-11,955617405,1868706005,114582,232233,978,3456
4,4,20171909,쥬만지: 새로운 세계,2018-01-03,555698541,10167975591,65832,1256983,622,1991
5,5,20173547,다운사이징,2018-01-11,215765695,469725795,25172,58493,506,1542
6,6,20179462,위대한 쇼맨,2017-12-20,131578400,9518448300,15055,1163628,224,408
7,7,20177104,페르디난드,2018-01-03,74082100,3280797200,10533,452780,332,462
8,8,20170402,강철비,2017-12-14,58631900,35173870666,7118,4412508,198,299
9,9,20177602,"쏘아올린 불꽃, 밑에서 볼까? 옆에서 볼까?",2018-01-11,37096700,100226100,4517,13073,363,752
10,10,20176947,원더,2017-12-27,29332100,1321466645,3457,168275,94,177
1,1,20170590,1987,2017-12-27,3681165059,43183726345,434063,5376077,1103,4584
2,2,20150976,신과함께-죄와 벌,2017-12-20,2606141100,100871051437,310307,12555302,984,3720
3,3,20179985,코코,2018-01-11,2552045991,4420751996,306184,538417,1163,4065
4,4,20171909,쥬만지: 새로운 세계,2018-01-03,1113103350,11281078941,133384,1390367,662,2044
5,5,20173547,다운사이징,2018-01-11,324070909,793796704,37645,96138,480,1244
6,6,20179462,위대한 쇼맨,2017-12-20,215064700,9733513e3,24602,1188230,222,411
7,7,20177104,페르디난드,2018-01-03,161611700,3442408900,21373,474153,343,487
8,8,20170402,강철비,2017-12-14,107703300,35281573966,12962,4425470,174,267
9,9,20176947,원더,2017-12-27,52706200,1374172845,6175,174450,93,168
10,10,20177602,"쏘아올린 불꽃, 밑에서 볼까? 옆에서 볼까?",2018-01-11,37938100,138164200,4734,17807,352,517
1,1,20170590,1987,2017-12-27,3462113600,46645839945,410882,5786959,1122,4516
2,2,20179985,코코,2018-01-11,2585996700,7006748696,311566,849983,1177,4030
3,3,20150976,신과함께-죄와 벌,2017-12-20,2416524300,103287575737,288913,12844215,985,3641
4,4,20171909,쥬만지: 새로운 세계,2018-01-03,1071986200,12353065141,128642,1519009,677,2032
5,5,20173547,다운사이징,2018-01-11,253603500,1047400204,29295,125433,456,1110
6,6,20179462,위대한 쇼맨,2017-12-20,201040900,9934553900,23253,1211483,232,420
7,7,20177104,페르디난드,2018-01-03,166718e3,3609126900,21862,496015,341,481
8,8,20170402,강철비,2017-12-14,89073700,35370647666,10776,4436246,170,259
9,9,20176947,원더,2017-12-27,46197200,1420370045,5378,179828,88,164
10,10,20177602,"쏘아올린 불꽃, 밑에서 볼까? 옆에서 볼까?",2018-01-11,33934200,172098400,4244,22051,321,449
1,1,20170590,1987,2017-12-27,978581700,47624421645,128997,5915956,1015,4222
2,2,20179985,코코,2018-01-11,796652800,7803401496,105194,955177,1e3,3563
3,3,20150976,신과함께-죄와 벌,2017-12-20,747381200,104034956937,1e5,12944215,910,3501
4,4,20171909,쥬만지: 새로운 세계,2018-01-03,327245750,12680310891,42915,1561924,618,1995
5,5,20179462,위대한 쇼맨,2017-12-20,106900300,10041454200,13580,1225063,237,454
6,6,20173547,다운사이징,2018-01-11,81037900,1128438104,10623,136056,451,1132
7,7,20177104,페르디난드,2018-01-03,34215800,3643342700,5214,501229,299,412
8,8,20170402,강철비,2017-12-14,36320100,35406967766,4808,4441054,181,290
9,9,20176947,원더,2017-12-27,20793800,1441163845,2777,182605,95,190
10,10,20176104,그것만이 내 세상,2018-01-17,21013e3,122214e3,2357,14364,12,12
1,1,20170590,1987,2017-12-27,877919500,48502341145,116339,6032295,1042,4239
2,2,20179985,코코,2018-01-11,850404700,8653806196,114778,1069955,1009,3557
3,3,20150976,신과함께-죄와 벌,2017-12-20,700064700,104735021637,95401,13039616,948,3493
4,4,20171909,쥬만지: 새로운 세계,2018-01-03,304740700,12985051591,40362,1602286,632,1975
5,5,20179462,위대한 쇼맨,2017-12-20,114508300,10155962500,14645,1239708,234,459
6,6,20173547,다운사이징,2018-01-11,65347500,1193785604,8635,144691,442,1052
7,7,20176104,그것만이 내 세상,2018-01-17,78678700,200892700,8343,22707,55,55
8,8,20177104,페르디난드,2018-01-03,48112200,3691454900,7477,508706,318,434
9,9,20170402,강철비,2017-12-14,32225100,35439192866,4348,4445402,180,289
10,10,20176947,원더,2017-12-27,21651400,1462815245,2862,185467,89,182
1,1,20175054,메이즈 러너: 데스 큐어,2018-01-17,1752996100,1811104400,225512,230473,919,3807
2,2,20176104,그것만이 내 세상,2018-01-17,964523300,1165416e3,126797,149504,825,3491
3,3,20170590,1987,2017-12-27,688826800,49191167945,90628,6122923,755,2901
4,4,20179985,코코,2018-01-11,592830600,9246636796,82114,1152069,742,2078
5,5,20150976,신과함께-죄와 벌,2017-12-20,530129300,105265150937,71181,13110797,619,2143
6,6,20171909,쥬만지: 새로운 세계,2018-01-03,106959100,13092010691,14390,1616676,388,755
7,7,20179462,위대한 쇼맨,2017-12-20,50769300,10206731800,6509,1246217,108,171
8,8,20176947,원더,2017-12-27,25969200,1488784445,3509,188976,67,144
9,9,20177104,페르디난드,2018-01-03,21073500,3712528400,3476,512182,95,115
10,10,20178228,다키스트 아워,2018-01-17,12944e3,20694e3,1796,2902,217,349
1,1,20175054,메이즈 러너: 데스 큐어,2018-01-17,1299525600,311063e4,166420,396893,979,3973
2,2,20176104,그것만이 내 세상,2018-01-17,856045100,2021461100,112992,262496,833,3455
3,3,20179985,코코,2018-01-11,612011200,9858647996,85272,1237341,753,2051
4,4,20170590,1987,2017-12-27,607847400,49799015345,80291,6203214,745,2833
5,5,20150976,신과함께-죄와 벌,2017-12-20,507995300,105773146237,68978,13179775,645,2126
6,6,20171909,쥬만지: 새로운 세계,2018-01-03,95688400,13187699091,13139,1629815,398,721
7,7,20189525,젝스키스 에이틴,2018-01-18,49236400,69957200,6765,9057,25,70
8,8,20179462,위대한 쇼맨,2017-12-20,45546600,10252278400,5824,1252041,108,156
9,9,20178808,주문은 토끼입니까?? ~디어 마이 시스터~,2018-01-18,40877500,48851500,5773,6659,79,139
10,10,20173662,리틀 뱀파이어,2018-01-18,17487300,25102300,2646,3615,192,223
1,1,20175054,메이즈 러너: 데스 큐어,2018-01-17,1563368480,4673998480,181347,578240,1020,4251
2,2,20176104,그것만이 내 세상,2018-01-17,1089467942,3110929042,129275,391771,825,3471
3,3,20179985,코코,2018-01-11,783484420,10642132416,98539,1335880,766,2185
4,4,20170590,1987,2017-12-27,778167200,50577182545,91395,6294609,745,2842
5,5,20150976,신과함께-죄와 벌,2017-12-20,634859200,106408005437,76062,13255837,645,2129
6,6,20171909,쥬만지: 새로운 세계,2018-01-03,103889538,13291588629,12593,1642408,372,675
7,7,20179462,위대한 쇼맨,2017-12-20,61479700,10313758100,7073,1259114,113,182
8,8,20189525,젝스키스 에이틴,2018-01-18,31269700,101226900,4228,13285,25,71
9,9,20176947,원더,2017-12-27,23207100,1527222345,3202,194300,56,112
10,10,20173662,리틀 뱀파이어,2018-01-18,18491700,43594e3,2529,6144,193,223
1,1,20175054,메이즈 러너: 데스 큐어,2018-01-17,3159335883,7833334363,366726,944966,1090,4633
2,2,20176104,그것만이 내 세상,2018-01-17,2185659448,5296588490,259766,651537,856,3490
3,3,20179985,코코,2018-01-11,1890180317,12532312733,235545,1571425,927,2713
4,4,20170590,1987,2017-12-27,1684097e3,52261279545,198201,6492810,714,2744
5,5,20150976,신과함께-죄와 벌,2017-12-20,1249732800,107657738237,149487,13405324,650,2127
6,6,20171909,쥬만지: 새로운 세계,2018-01-03,185555435,13477144064,22832,1665240,340,540
7,7,20179462,위대한 쇼맨,2017-12-20,95174200,10408932300,10982,1270096,121,198
8,8,20176947,원더,2017-12-27,39304800,1566527145,5346,199646,58,112
9,9,20173662,리틀 뱀파이어,2018-01-18,37994300,81588300,5080,11224,211,249
10,10,20189525,젝스키스 에이틴,2018-01-18,34787700,136014600,4365,17650,24,64
1,1,20175054,메이즈 러너: 데스 큐어,2018-01-17,2748605500,10581939863,321e3,1265966,1061,4430
2,2,20176104,그것만이 내 세상,2018-01-17,2183109200,7479697690,258839,910376,861,3423
3,3,20179985,코코,2018-01-11,1865848100,14398160833,231613,1803038,971,2818
4,4,20170590,1987,2017-12-27,1478376200,53739655745,175486,6668296,708,2642
5,5,20150976,신과함께-죄와 벌,2017-12-20,1143060400,108800798637,136973,13542297,634,2051
6,6,20171909,쥬만지: 새로운 세계,2018-01-03,159587800,13636731864,19430,1684670,325,502
7,7,20179462,위대한 쇼맨,2017-12-20,90213100,10499145400,10385,1280481,121,201
8,8,20173662,리틀 뱀파이어,2018-01-18,40294500,121882800,5252,16476,213,251
9,9,20176947,원더,2017-12-27,37560900,1604088045,5128,204774,54,108
10,10,20189525,젝스키스 에이틴,2018-01-18,26122e3,162136600,3400,21050,24,62
1,1,20175054,메이즈 러너: 데스 큐어,2018-01-17,802390400,11384330263,102561,1368527,971,4049
2,2,20176104,그것만이 내 세상,2018-01-17,770551400,8250249090,100645,1011021,843,3455
3,3,20179985,코코,2018-01-11,500954400,14899115233,68326,1871364,788,2395
4,4,20170590,1987,2017-12-27,395319700,54134975445,52331,6720627,689,2599
5,5,20150976,신과함께-죄와 벌,2017-12-20,373186800,109173985437,50149,13592446,623,2034
6,6,20171909,쥬만지: 새로운 세계,2018-01-03,54509900,13691241764,7317,1691987,321,552
7,7,20179462,위대한 쇼맨,2017-12-20,45560300,10544705700,5826,1286307,135,216
8,8,20176947,원더,2017-12-27,16193100,1620281145,2489,207263,58,120
9,9,20189525,젝스키스 에이틴,2018-01-18,14251200,176387800,2003,23053,23,55
10,10,20173662,리틀 뱀파이어,2018-01-18,10902500,132785300,1657,18133,183,206
1,1,20176104,그것만이 내 세상,2018-01-17,787874300,9038123390,103234,1114255,862,3485
2,2,20175054,메이즈 러너: 데스 큐어,2018-01-17,721019e3,12105349263,92064,1460591,969,3981
3,3,20179985,코코,2018-01-11,527130900,15426246133,72957,1944321,818,2385
4,4,20150976,신과함께-죄와 벌,2017-12-20,367788800,109541774237,49604,13642050,639,2033
5,5,20170590,1987,2017-12-27,371015e3,54505990445,49512,6770139,688,2540
6,6,20171909,쥬만지: 새로운 세계,2018-01-03,56780500,13748022264,7734,1699721,318,536
7,7,20179462,위대한 쇼맨,2017-12-20,45317900,10590023600,5879,1292186,144,225
8,8,20178230,커뮤터,2018-01-24,22727100,33730100,3035,4670,25,25
9,9,20176947,원더,2017-12-27,19414100,1639695245,3e3,210263,62,118
10,10,20173662,리틀 뱀파이어,2018-01-18,15684800,148470100,2422,20555,194,213
1,1,20176104,그것만이 내 세상,2018-01-17,711562900,9749686290,92672,1206927,754,3020
2,2,20175054,메이즈 러너: 데스 큐어,2018-01-17,545297200,12650646463,70060,1530651,765,2902
3,3,20179985,코코,2018-01-11,455252200,15881498333,62595,2006916,723,2144
4,4,20150976,신과함께-죄와 벌,2017-12-20,289826900,109831601137,39238,13681288,550,1525
5,5,20170590,1987,2017-12-27,272188300,54778178745,35857,6805996,547,1816
6,6,20178230,커뮤터,2018-01-24,265166800,298896900,35006,39676,553,2593
7,7,20168161,1급기밀,2018-01-24,181680800,254414300,24259,33298,440,1531
8,8,20177473,비밥바룰라,2018-01-24,64972100,81858100,8922,10898,347,647
9,9,20179462,위대한 쇼맨,2017-12-20,32218600,10622242200,4131,1296317,106,165
10,10,20176947,원더,2017-12-27,16029900,1655725145,2394,212657,57,113
1,1,20176104,그것만이 내 세상,2018-01-17,756445e3,10506131290,98165,1305092,791,3115
2,2,20179985,코코,2018-01-11,478703400,16360201733,65984,2072900,751,2139
3,3,20175054,메이즈 러너: 데스 큐어,2018-01-17,483345600,13133992063,61865,1592516,728,2761
4,4,20150976,신과함께-죄와 벌,2017-12-20,274306900,110105908037,36902,13718190,553,1473
5,5,20170590,1987,2017-12-27,249946400,55028125145,33264,6839260,562,1706
6,6,20178230,커뮤터,2018-01-24,248825700,547722600,32942,72618,543,2389
7,7,20168161,1급기밀,2018-01-24,164758500,419172800,21911,55209,461,1465
8,8,20177473,비밥바룰라,2018-01-24,38644300,120502400,6087,16985,347,648
9,9,20178444,극장판 레이디버그: 미라클스톤의 비밀,2018-01-25,25749500,38636500,3801,5301,273,319
10,10,20179462,위대한 쇼맨,2017-12-20,29050600,10651292800,3722,1300039,104,141
1,1,20176104,그것만이 내 세상,2018-01-17,992149124,11498280414,117046,1422138,839,3349
2,2,20179985,코코,2018-01-11,611183147,16971384880,76138,2149038,812,2315
3,3,20175054,메이즈 러너: 데스 큐어,2018-01-17,612339524,13746331587,71143,1663659,729,2815
4,4,20150976,신과함께-죄와 벌,2017-12-20,354185700,110460093737,42076,13760266,590,1577
5,5,20170590,1987,2017-12-27,313169100,55341294245,36987,6876247,578,1733
6,6,20178230,커뮤터,2018-01-24,283711829,831434429,33446,106064,548,2157
7,7,20168161,1급기밀,2018-01-24,192769600,611942400,22959,78168,474,1417
8,8,20177473,비밥바룰라,2018-01-24,35665100,156167500,5399,22384,325,560
9,9,20179462,위대한 쇼맨,2017-12-20,40341100,10691633900,4590,1304629,111,163
10,10,20178444,극장판 레이디버그: 미라클스톤의 비밀,2018-01-25,19419200,58055700,2578,7879,270,307
1,1,20176104,그것만이 내 세상,2018-01-17,2368328238,13866608652,279710,1701848,951,3844
2,2,20179985,코코,2018-01-11,1692409536,18663794416,207865,2356903,1025,3032
3,3,20175054,메이즈 러너: 데스 큐어,2018-01-17,1319709738,15066041325,153963,1817622,771,2880
4,4,20150976,신과함께-죄와 벌,2017-12-20,797295300,111257389037,94386,13854652,698,1820
5,5,20170590,1987,2017-12-27,656925300,55998219545,77436,6953683,604,1666
6,6,20178230,커뮤터,2018-01-24,526717526,1358151955,62288,168352,575,1763
7,7,20168161,1급기밀,2018-01-24,379919500,991861900,45379,123547,511,1267
8,8,20178444,극장판 레이디버그: 미라클스톤의 비밀,2018-01-25,66615400,124671100,8720,16599,296,383
9,9,20179462,위대한 쇼맨,2017-12-20,66695200,10758329100,7589,1312218,103,166
10,10,20177473,비밥바룰라,2018-01-24,45797300,201964800,5986,28370,310,475
1,1,20176104,그것만이 내 세상,2018-01-17,2334250100,16200858752,275942,1977790,956,3803
2,2,20179985,코코,2018-01-11,1622452e3,20286246416,199350,2556253,1021,3007
3,3,20175054,메이즈 러너: 데스 큐어,2018-01-17,1162606400,16228647725,136109,1953731,756,2769
4,4,20150976,신과함께-죄와 벌,2017-12-20,791371400,112048760437,93734,13948386,704,1810
5,5,20170590,1987,2017-12-27,610028100,56608247645,72382,7026065,610,1615
6,6,20178230,커뮤터,2018-01-24,461268800,1819420755,54826,223178,559,1637
7,7,20168161,1급기밀,2018-01-24,341523600,1333385500,40843,164390,512,1219
8,8,20178444,극장판 레이디버그: 미라클스톤의 비밀,2018-01-25,73010100,197681200,9534,26133,305,392
9,9,20179462,위대한 쇼맨,2017-12-20,62031500,10820360600,7070,1319288,101,172
10,10,20177473,비밥바룰라,2018-01-24,43204100,245168900,6101,34471,303,460
1,1,20176104,그것만이 내 세상,2018-01-17,718225600,16919084352,94155,2071945,866,3574
2,2,20179985,코코,2018-01-11,406936600,20693183016,54634,2610887,796,2467
3,3,20175054,메이즈 러너: 데스 큐어,2018-01-17,351186900,16579834625,45377,1999108,695,2612
4,4,20150976,신과함께-죄와 벌,2017-12-20,257512500,112306272937,34521,13982907,616,1705
5,5,20170590,1987,2017-12-27,201175800,56809423445,26748,7052813,577,1621
6,6,20178230,커뮤터,2018-01-24,146160100,1965580855,19287,242465,521,1693
7,7,20168161,1급기밀,2018-01-24,119574100,1452959600,15994,180384,479,1275
8,8,20179205,조선명탐정: 흡혈괴마의 비밀,2018-02-08,38781e3,38781e3,4906,4906,20,20
9,9,20179462,위대한 쇼맨,2017-12-20,31852800,10852213400,4118,1323406,113,184
10,10,20177473,비밥바룰라,2018-01-24,22214800,267383700,3800,38271,291,468
1,1,20176104,그것만이 내 세상,2018-01-17,688320800,17607405152,91515,2163460,884,3574
2,2,20179985,코코,2018-01-11,402263300,21095446316,55160,2666047,814,2475
3,3,20175054,메이즈 러너: 데스 큐어,2018-01-17,316549400,16896384025,41173,2040281,693,2583
4,4,20150976,신과함께-죄와 벌,2017-12-20,250745800,112557018737,34197,14017104,626,1712
5,5,20170590,1987,2017-12-27,191703800,57001127245,25848,7078661,586,1611
6,6,20178230,커뮤터,2018-01-24,125089e3,2090669855,16663,259128,521,1633
7,7,20168161,1급기밀,2018-01-24,113258300,1566217900,15394,195778,482,1262
8,8,20179205,조선명탐정: 흡혈괴마의 비밀,2018-02-08,7491e4,113691e3,11673,16579,72,72
9,9,20179462,위대한 쇼맨,2017-12-20,32930500,10885143900,4286,1327692,110,188
10,10,20177473,비밥바룰라,2018-01-24,19212500,286596200,2936,41207,304,470
1,1,20168323,염력,2018-01-31,1617251600,1677551600,264713,273294,1099,6347
2,2,20176104,그것만이 내 세상,2018-01-17,721935500,18329340652,123036,2286496,706,2774
3,3,20178126,인시디어스4: 라스트 키,2018-01-31,628848500,632062500,102994,103372,601,2017
4,4,20179985,코코,2018-01-11,411756400,21507202716,69621,2735668,665,1785
5,5,20175054,메이즈 러너: 데스 큐어,2018-01-17,238325100,17134709125,40704,2080985,502,1138
6,6,20150976,신과함께-죄와 벌,2017-12-20,209579100,112766597837,34634,14051738,504,1095
7,7,20178395,12 솔져스,2018-01-31,159644500,190916600,25712,29132,184,871
8,8,20170590,1987,2017-12-27,133409100,57134536345,22463,7101124,404,759
9,9,20178230,커뮤터,2018-01-24,32034800,2122704655,5176,264304,203,367
10,10,20168161,1급기밀,2018-01-24,26619e3,1592836900,4322,200100,168,279
1,1,20168323,염력,2018-01-31,763126e3,2440677600,101926,375220,1053,6001
2,2,20176104,그것만이 내 세상,2018-01-17,486700800,18816041452,64567,2351063,668,2666
3,3,20178126,인시디어스4: 라스트 키,2018-01-31,365393e3,997455500,47745,151117,632,2110
4,4,20179985,코코,2018-01-11,257535200,21764737916,34536,2770204,602,1657
5,5,20150976,신과함께-죄와 벌,2017-12-20,145546100,112912143937,19625,14071363,471,1006
6,6,20175054,메이즈 러너: 데스 큐어,2018-01-17,149036500,17283745625,19624,2100609,464,1003
7,7,20178395,12 솔져스,2018-01-31,115750400,306667e3,14591,43723,183,824
8,8,20170590,1987,2017-12-27,88140400,57222676745,11916,7113040,384,668
9,9,20179228,마야2,2018-02-01,43195300,68220800,6242,9052,314,359
10,10,20179205,조선명탐정: 흡혈괴마의 비밀,2018-02-08,47239e3,179145e3,5787,25580,34,34
1,1,20168323,염력,2018-01-31,862511977,3303189577,103337,478557,1051,5721
2,2,20176104,그것만이 내 세상,2018-01-17,653966837,19470008289,78476,2429539,746,2872
3,3,20178126,인시디어스4: 라스트 키,2018-01-31,431416480,1428871980,51261,202378,674,2328
4,4,20179985,코코,2018-01-11,324029500,22088767416,39372,2809576,649,1705
5,5,20175054,메이즈 러너: 데스 큐어,2018-01-17,195694743,17479440368,23569,2124178,472,1031
6,6,20150976,신과함께-죄와 벌,2017-12-20,195021900,113107165837,23286,14094649,492,1050
7,7,20178395,12 솔져스,2018-01-31,148977700,455644700,17024,60747,181,799
8,8,20170590,1987,2017-12-27,114417200,57337093945,13966,7127006,401,685
9,9,20178469,올 더 머니,2018-02-01,53476200,116283400,6358,14601,260,436
10,10,20179228,마야2,2018-02-01,31825700,100046500,4557,13609,296,353
1,1,20168323,염력,2018-01-31,1716634380,5019823957,204077,682634,946,5174
2,2,20176104,그것만이 내 세상,2018-01-17,1565487648,21035495937,186731,2616270,855,3358
3,3,20179985,코코,2018-01-11,1002101600,23090869016,122757,2932333,805,2146
4,4,20178126,인시디어스4: 라스트 키,2018-01-31,747871384,2176743364,89017,291395,769,2602
5,5,20150976,신과함께-죄와 벌,2017-12-20,442316400,113549482237,52378,14147027,534,1150
6,6,20175054,메이즈 러너: 데스 큐어,2018-01-17,364251536,17843691904,43638,2167816,508,978
7,7,20178395,12 솔져스,2018-01-31,313153200,768797900,35409,96156,198,777
8,8,20170590,1987,2017-12-27,209234700,57546328645,24901,7151907,387,636
9,9,20179228,마야2,2018-02-01,156388400,256434900,20592,34201,407,599
10,10,20178469,올 더 머니,2018-02-01,91658400,207941800,10742,25343,255,404
1,1,20176104,그것만이 내 세상,2018-01-17,1477505600,22513001537,175811,2792081,863,3371
2,2,20168323,염력,2018-01-31,1373258900,6393082857,164349,846983,917,4736
3,3,20179985,코코,2018-01-11,942566100,24033435116,115294,3047627,805,2177
4,4,20178126,인시디어스4: 라스트 키,2018-01-31,609603100,2786346464,71834,363229,733,2438
5,5,20150976,신과함께-죄와 벌,2017-12-20,418652200,113968134437,49347,14196374,533,1131
6,6,20175054,메이즈 러너: 데스 큐어,2018-01-17,319486200,18163178104,38545,2206361,499,969
7,7,20178395,12 솔져스,2018-01-31,295627e3,1064424900,33582,129738,206,780
8,8,20170590,1987,2017-12-27,199378100,57745706745,23629,7175536,397,641
9,9,20179228,마야2,2018-02-01,162088600,418523500,21016,55217,429,625
10,10,20178469,올 더 머니,2018-02-01,84024600,291966400,9842,35185,249,402
1,1,20176104,그것만이 내 세상,2018-01-17,407497e3,22920498537,53838,2845919,793,3161
2,2,20168323,염력,2018-01-31,265175200,6658258057,35465,882448,839,4080
3,3,20178126,인시디어스4: 라스트 키,2018-01-31,211492900,2997839364,27340,390569,624,2159
4,4,20179985,코코,2018-01-11,197730100,24231165216,26150,3073777,629,1739
5,5,20150976,신과함께-죄와 벌,2017-12-20,143441200,114111575637,19098,14215472,487,1139
6,6,20175054,메이즈 러너: 데스 큐어,2018-01-17,111307500,18274485604,14653,2221014,471,1015
7,7,20178395,12 솔져스,2018-01-31,103593e3,1168017900,12991,142729,200,778
8,8,20170590,1987,2017-12-27,62977700,57808684445,8412,7183948,413,706
9,9,20178469,올 더 머니,2018-02-01,33648300,325614700,4533,39718,248,439
10,10,19980074,타이타닉,1998-02-20,19863e3,4663487e3,2994,394492,94,188
1,1,20176104,그것만이 내 세상,2018-01-17,414881500,23335380037,55685,2901604,840,3264
2,2,20168323,염력,2018-01-31,224531800,6882789857,30414,912862,839,3812
3,3,20179985,코코,2018-01-11,188034900,24419200116,25451,3099228,681,1750
4,4,20178126,인시디어스4: 라스트 키,2018-01-31,187165700,3185005064,24381,414950,610,2053
5,5,20150976,신과함께-죄와 벌,2017-12-20,127790100,114239365737,17177,14232649,501,1142
6,6,20175054,메이즈 러너: 데스 큐어,2018-01-17,101555200,18376040804,13318,2234332,477,1014
7,7,20178395,12 솔져스,2018-01-31,91873900,1259891800,11378,154107,211,762
8,8,20170590,1987,2017-12-27,58442600,57867127045,7861,7191809,417,707
9,9,20178469,올 더 머니,2018-02-01,34913800,360528500,4787,44505,244,442
10,10,20179205,조선명탐정: 흡혈괴마의 비밀,2018-02-08,33726200,271167200,3283,35506,27,27
1,1,20176104,그것만이 내 세상,2018-01-17,411245100,23746625137,55124,2956728,860,3383
2,2,20179985,코코,2018-01-11,194585900,24613786016,26116,3125344,645,1788
3,3,20178126,인시디어스4: 라스트 키,2018-01-31,176967300,3361972364,23077,438027,575,1907
4,4,20168323,염력,2018-01-31,165639100,7048428957,22656,935518,767,3116
5,5,20150976,신과함께-죄와 벌,2017-12-20,129356900,114368722637,17338,14249987,530,1244
6,6,20175054,메이즈 러너: 데스 큐어,2018-01-17,104610100,18480650904,13807,2248139,461,995
7,7,20178395,12 솔져스,2018-01-31,93849100,1353740900,11751,165858,202,759
8,8,20170590,1987,2017-12-27,68214600,57935341645,9410,7201219,406,710
9,9,20189901,더 포리너,2018-02-07,63424700,82694300,8178,10774,156,547
10,10,20178469,올 더 머니,2018-02-01,35984100,396512600,4802,49307,224,414
1,1,20179205,조선명탐정: 흡혈괴마의 비밀,2018-02-08,1062977600,1335404800,142798,178444,1140,5973
2,2,20176104,그것만이 내 세상,2018-01-17,308552700,24055177837,41431,2998159,703,2555
3,3,20179985,코코,2018-01-11,145924500,24759710516,19310,3144654,504,1194
4,4,20178126,인시디어스4: 라스트 키,2018-01-31,117234300,3479206664,15372,453399,409,913
5,5,20168323,염력,2018-01-31,123357300,7171786257,15130,950648,535,1341
6,6,20178672,패딩턴 2,2018-02-08,97195300,164076300,13670,21332,499,1333
7,7,20150976,신과함께-죄와 벌,2017-12-20,90890500,114459613137,12209,14262196,415,795
8,8,20175054,메이즈 러너: 데스 큐어,2018-01-17,49564200,18530215104,6486,2254625,208,347
9,9,20178395,12 솔져스,2018-01-31,45832800,1399573700,5819,171677,174,443
10,10,20189901,더 포리너,2018-02-07,34737300,117431600,4420,15194,144,443
1,1,20179205,조선명탐정: 흡혈괴마의 비밀,2018-02-08,1269474076,2604878876,155177,333621,1183,6142
2,2,20176104,그것만이 내 세상,2018-01-17,377659976,24432837813,45104,3043263,689,2602
3,3,20179985,코코,2018-01-11,194707500,24954418016,23550,3168204,544,1263
4,4,20178126,인시디어스4: 라스트 키,2018-01-31,155069800,3634276464,18715,472114,447,983
5,5,20150976,신과함께-죄와 벌,2017-12-20,121781700,114581394837,14392,14276588,430,841
6,6,20178672,패딩턴 2,2018-02-08,112349800,276426100,14351,35683,510,1358
7,7,20175054,메이즈 러너: 데스 큐어,2018-01-17,6284e4,18593055104,7484,2262109,212,361
8,8,20168323,염력,2018-01-31,59486924,7231273181,7287,957935,500,1268
9,9,20178395,12 솔져스,2018-01-31,56996100,1456569800,6575,178252,181,454
10,10,20189901,더 포리너,2018-02-07,39062900,156494500,4581,19775,154,459
1,1,20179205,조선명탐정: 흡혈괴마의 비밀,2018-02-08,2740198669,5345077545,327604,661225,1249,6609
2,2,20176104,그것만이 내 세상,2018-01-17,780789669,25213627482,92722,3135985,724,2767
3,3,20179985,코코,2018-01-11,551412400,25505830416,66167,3234371,650,1633
4,4,20178672,패딩턴 2,2018-02-08,349361100,625787200,44831,80514,625,1543
5,5,20150976,신과함께-죄와 벌,2017-12-20,256131600,114837526437,29904,14306492,456,895
6,6,20178126,인시디어스4: 라스트 키,2018-01-31,219704400,3853980864,26186,498300,457,942
7,7,20178395,12 솔져스,2018-01-31,123943600,1580513400,14287,192539,200,482
8,8,20175054,메이즈 러너: 데스 큐어,2018-01-17,104578400,18697633504,12293,2274402,196,357
9,9,20168323,염력,2018-01-31,87696231,7318969412,10545,968480,492,1061
10,10,20189761,터닝메카드W: 반다인의 비밀 특별판,2018-02-08,54935800,78820700,7108,10525,166,377
1,1,20179205,조선명탐정: 흡혈괴마의 비밀,2018-02-08,2526755800,7871833345,304245,965470,1236,6432
2,2,20176104,그것만이 내 세상,2018-01-17,717972900,25931600382,84720,3220705,705,2670
3,3,20179985,코코,2018-01-11,506452500,26012282916,60799,3295170,642,1633
4,4,20178672,패딩턴 2,2018-02-08,361262e3,987049200,45668,126182,629,1528
5,5,20150976,신과함께-죄와 벌,2017-12-20,235915500,115073441937,27634,14334126,449,878
6,6,20178126,인시디어스4: 라스트 키,2018-01-31,187006100,4040986964,22120,520420,453,902
7,7,20178395,12 솔져스,2018-01-31,113542600,1694056e3,13112,205651,197,465
8,8,20175054,메이즈 러너: 데스 큐어,2018-01-17,94189e3,18791822504,11051,2285453,193,352
9,9,20168323,염력,2018-01-31,80114300,7399083712,9654,978134,465,952
10,10,20189761,터닝메카드W: 반다인의 비밀 특별판,2018-02-08,55982e3,134802700,7164,17689,168,373
1,1,20179205,조선명탐정: 흡혈괴마의 비밀,2018-02-08,688680700,8560514045,91433,1056903,1165,5889
2,2,20176104,그것만이 내 세상,2018-01-17,214763400,26146363782,28443,3249148,674,2510
3,3,20179985,코코,2018-01-11,129901700,26142184616,17116,3312286,555,1373
4,4,20178126,인시디어스4: 라스트 키,2018-01-31,91866300,4132853264,11925,532345,422,954
5,5,20178672,패딩턴 2,2018-02-08,82234e3,1069283200,11442,137624,517,1249
6,6,20150976,신과함께-죄와 벌,2017-12-20,78851900,115152293837,10415,14344541,439,919
7,7,20175054,메이즈 러너: 데스 큐어,2018-01-17,39711400,18831533904,5155,2290608,189,358
8,8,20178395,12 솔져스,2018-01-31,37881600,1731937600,4814,210465,190,476
9,9,20168323,염력,2018-01-31,25764500,7424848212,3459,981593,425,815
10,10,20189901,더 포리너,2018-02-07,21031600,292696700,2674,35694,149,399
1,1,20179205,조선명탐정: 흡혈괴마의 비밀,2018-02-08,673731800,9234245845,89617,1146520,1161,5843
2,2,20176104,그것만이 내 세상,2018-01-17,215642600,26362006382,28725,3277873,692,2544
3,3,20179985,코코,2018-01-11,140843300,26283027916,18771,3331057,560,1395
4,4,20178672,패딩턴 2,2018-02-08,121095800,1190379e3,17214,154838,539,1318
5,5,20178126,인시디어스4: 라스트 키,2018-01-31,87322400,4220175664,11412,543757,425,951
6,6,20150976,신과함께-죄와 벌,2017-12-20,84927700,115237221537,11228,14355769,440,926
7,7,20175054,메이즈 러너: 데스 큐어,2018-01-17,46946900,18878480804,6105,2296713,195,376
8,8,20178395,12 솔져스,2018-01-31,40040300,1771977900,5098,215563,191,476
9,9,20168323,염력,2018-01-31,27849900,7452698112,3721,985314,434,850
10,10,20170841,리틀 포레스트,2018-02-28,21524e3,21524e3,3239,3239,15,15
1,1,20170561,블랙 팬서,2018-02-14,5055472500,5081305500,630468,633491,1449,7196
2,2,20168250,골든슬럼버,2018-02-14,1234136400,1319502100,161568,170253,763,3654
3,3,20179205,조선명탐정: 흡혈괴마의 비밀,2018-02-08,547907400,9782153245,72063,1218583,618,2387
4,4,20176121,흥부: 글로 세상을 바꾼 자,2018-02-14,335150900,366468900,43697,47547,557,2360
5,5,20078561,명탐정 코난:감벽의 관,2018-02-14,285572800,295448800,41627,42838,432,820
6,6,20179985,코코,2018-01-11,76557600,26359585516,10161,3341218,302,454
7,7,20176104,그것만이 내 세상,2018-01-17,70674e3,26432680382,9428,3287301,318,531
8,8,20178672,패딩턴 2,2018-02-08,53066e3,1243445e3,7572,162410,256,331
9,9,20150976,신과함께-죄와 벌,2017-12-20,26125600,115263347137,3514,14359283,103,140
10,10,20178126,인시디어스4: 라스트 키,2018-01-31,11935100,4232110764,1620,545377,62,89
1,1,20170561,블랙 팬서,2018-02-14,5038106700,10119412200,563859,1197350,1587,7779
2,2,20168250,골든슬럼버,2018-02-14,1566336200,2885838300,183930,354183,822,3626
3,3,20179205,조선명탐정: 흡혈괴마의 비밀,2018-02-08,1214378900,10996532145,143712,1362295,691,2492
4,4,20176121,흥부: 글로 세상을 바꾼 자,2018-02-14,537396100,903865e3,62911,110458,579,2072
5,5,20078561,명탐정 코난:감벽의 관,2018-02-14,230270700,525719500,29639,72477,487,881
6,6,20179985,코코,2018-01-11,172114e3,26531699516,20771,3361989,353,517
7,7,20176104,그것만이 내 세상,2018-01-17,145924800,26578605182,17402,3304703,312,485
8,8,20178672,패딩턴 2,2018-02-08,112358700,1355803700,14382,176792,282,377
9,9,20150976,신과함께-죄와 벌,2017-12-20,62675e3,115326022137,7133,14366416,119,161
10,10,20179462,위대한 쇼맨,2017-12-20,14938e3,11285563400,1677,1376107,36,46
1,1,20170561,블랙 팬서,2018-02-14,5113949324,15233361524,562502,1759852,1620,7904
2,2,20179205,조선명탐정: 흡혈괴마의 비밀,2018-02-08,1978471030,12975003175,231679,1593974,848,2944
3,3,20168250,골든슬럼버,2018-02-14,1924324076,4810162376,223279,577462,815,3514
4,4,20176121,흥부: 글로 세상을 바꾼 자,2018-02-14,692658e3,1596523e3,80706,191164,568,1770
5,5,20176104,그것만이 내 세상,2018-01-17,183524400,26762129582,21790,3326493,288,429
6,6,20179985,코코,2018-01-11,164275546,26695975062,19351,3381340,354,502
7,7,20078561,명탐정 코난:감벽의 관,2018-02-14,143849800,669569300,17635,90112,442,756
8,8,20178672,패딩턴 2,2018-02-08,87294900,1443098600,10963,187755,280,366
9,9,20150976,신과함께-죄와 벌,2017-12-20,96276100,115422298237,10816,14377232,131,177
10,10,20179462,위대한 쇼맨,2017-12-20,20405400,11305968800,2247,1378354,42,53
1,1,20170561,블랙 팬서,2018-02-14,6544260794,21777622318,739459,2499311,1544,7565
2,2,20179205,조선명탐정: 흡혈괴마의 비밀,2018-02-08,2341828428,15316831603,280839,1874813,1027,3655
3,3,20168250,골든슬럼버,2018-02-14,1993533706,6803696082,236602,814064,833,3536
4,4,20176121,흥부: 글로 세상을 바꾼 자,2018-02-14,661996400,2258519400,79878,271042,627,1714
5,5,20078561,명탐정 코난:감벽의 관,2018-02-14,272194300,941763600,34887,124999,443,722
6,6,20179985,코코,2018-01-11,220901078,26916876140,27213,3408553,345,488
7,7,20176104,그것만이 내 세상,2018-01-17,204162500,26966292082,24906,3351399,305,469
8,8,20178672,패딩턴 2,2018-02-08,156834900,1599933500,20418,208173,290,391
9,9,20150976,신과함께-죄와 벌,2017-12-20,113310200,115535608437,13185,14390417,149,217
10,10,20179462,위대한 쇼맨,2017-12-20,28059500,11334028300,3204,1381558,51,69
1,1,20170561,블랙 팬서,2018-02-14,5263194400,27040816718,598444,3097755,1495,7172
2,2,20179205,조선명탐정: 흡혈괴마의 비밀,2018-02-08,1677404100,16994235703,201241,2076054,1014,3574
3,3,20168250,골든슬럼버,2018-02-14,1428184500,8231880582,168612,982676,809,3348
4,4,20176121,흥부: 글로 세상을 바꾼 자,2018-02-14,423575600,2682095e3,51325,322367,597,1573
5,5,20078561,명탐정 코난:감벽의 관,2018-02-14,254673400,1196437e3,32920,157919,449,709
6,6,20179985,코코,2018-01-11,184979700,27101855840,22739,3431292,350,488
7,7,20178672,패딩턴 2,2018-02-08,149019600,1748953100,19341,227514,301,406
8,8,20176104,그것만이 내 세상,2018-01-17,138650700,27104942782,16909,3368308,315,513
9,9,20150976,신과함께-죄와 벌,2017-12-20,67591700,115603200137,7870,14398287,140,201
10,10,20179462,위대한 쇼맨,2017-12-20,23511400,11357539700,2656,1384214,49,72
1,1,20170561,블랙 팬서,2018-02-14,1888147200,28928963918,240653,3338408,1314,6417
2,2,20168250,골든슬럼버,2018-02-14,473898400,8705778982,62368,1045044,722,3220
3,3,20179205,조선명탐정: 흡혈괴마의 비밀,2018-02-08,419709e3,17413944703,56507,2132561,710,2761
4,4,20176121,흥부: 글로 세상을 바꾼 자,2018-02-14,147374800,2829469800,20038,342405,538,1676
5,5,20078561,명탐정 코난:감벽의 관,2018-02-14,83649400,1280086400,12054,169973,389,663
6,6,20179985,코코,2018-01-11,63077300,27164933140,8556,3439848,324,498
7,7,20176104,그것만이 내 세상,2018-01-17,54190600,27159133382,7771,3376079,345,591
8,8,20178672,패딩턴 2,2018-02-08,45561400,1794514500,6719,234233,269,358
9,9,20150976,신과함께-죄와 벌,2017-12-20,22635600,115625835737,3037,14401324,131,179
10,10,20164844,불한당: 나쁜 놈들의 세상,2017-05-17,9945e3,7601047625,1865,941921,58,97
1,1,20170561,블랙 팬서,2018-02-14,1339822e3,30268785918,171158,3509566,1313,6371
2,2,20168250,골든슬럼버,2018-02-14,363771900,9069550882,48097,1093141,720,3115
3,3,20179205,조선명탐정: 흡혈괴마의 비밀,2018-02-08,296896400,17710841103,40318,2172879,726,2669
4,4,20176121,흥부: 글로 세상을 바꾼 자,2018-02-14,126148600,2955618400,16991,359396,543,1625
5,5,20078561,명탐정 코난:감벽의 관,2018-02-14,78434800,1358521200,11466,181439,399,667
6,6,20179985,코코,2018-01-11,56664400,27221597540,7967,3447815,321,495
7,7,20178672,패딩턴 2,2018-02-08,52331600,1846846100,7861,242094,270,362
8,8,20170841,리틀 포레스트,2018-02-28,46692700,68216700,6846,10085,35,40
9,9,20176104,그것만이 내 세상,2018-01-17,45505700,27204639082,6623,3382702,340,565
10,10,20177946,월요일이 사라졌다,2018-02-22,17183800,19170800,2449,2674,19,19
1,1,20170561,블랙 팬서,2018-02-14,1192056500,31460842418,150601,3660167,1283,6190
2,2,20168250,골든슬럼버,2018-02-14,324272900,9393823782,42786,1135927,689,2941
3,3,20179205,조선명탐정: 흡혈괴마의 비밀,2018-02-08,269321800,17980162903,36522,2209401,719,2706
4,4,20180542,50가지 그림자: 해방,2018-02-21,167851300,170238300,21009,21350,162,816
5,5,20176121,흥부: 글로 세상을 바꾼 자,2018-02-14,85728400,3041346800,11916,371312,491,1354
6,6,20078561,명탐정 코난:감벽의 관,2018-02-14,61408800,141993e4,8954,190393,364,581
7,7,20178672,패딩턴 2,2018-02-08,49845200,1896691300,7405,249499,249,352
8,8,20179985,코코,2018-01-11,53741e3,27275338540,7397,3455212,305,471
9,9,20176104,그것만이 내 세상,2018-01-17,37832800,27242471882,5560,3388262,321,522
10,10,20170841,리틀 포레스트,2018-02-28,21636e3,89852700,2740,12825,12,12
1,1,20170561,블랙 팬서,2018-02-14,1005111400,32465953818,127342,3787509,1165,5486
2,2,20168250,골든슬럼버,2018-02-14,252987300,9646811082,33508,1169435,624,2595
3,3,20179205,조선명탐정: 흡혈괴마의 비밀,2018-02-08,224082400,18204245303,30547,2239948,645,2369
4,4,20177946,월요일이 사라졌다,2018-02-22,210779900,229950700,26575,29249,245,1099
5,5,20173436,셰이프 오브 워터: 사랑의 모양,2018-02-22,176081700,242294500,22660,29946,252,904
6,6,20180542,50가지 그림자: 해방,2018-02-21,143729100,313967400,17929,39279,175,819
7,7,20176121,흥부: 글로 세상을 바꾼 자,2018-02-14,55390300,3096737100,7630,378942,394,870
8,8,20178672,패딩턴 2,2018-02-08,41992500,1938683800,6333,255832,184,232
9,9,20078561,명탐정 코난:감벽의 관,2018-02-14,42510700,1462440700,6280,196673,268,350
10,10,20179985,코코,2018-01-11,42737800,27318076340,5957,3461169,231,324
1,1,20170561,블랙 팬서,2018-02-14,1293984846,33759938664,148541,3936050,1203,5692
2,2,20177946,월요일이 사라졌다,2018-02-22,386180300,616131e3,44364,73613,267,1157
3,3,20168250,골든슬럼버,2018-02-14,296606354,9943417436,35745,1205180,635,2575
4,4,20179205,조선명탐정: 흡혈괴마의 비밀,2018-02-08,259659481,18463904784,32121,2272069,636,2363
5,5,20173436,셰이프 오브 워터: 사랑의 모양,2018-02-22,242700873,484995373,27688,57634,275,973
6,6,20180542,50가지 그림자: 해방,2018-02-21,183212600,49718e4,20004,59283,189,879
7,7,20176121,흥부: 글로 세상을 바꾼 자,2018-02-14,62295300,3159032400,8045,386987,391,868
8,8,20178672,패딩턴 2,2018-02-08,52655700,1991339500,7099,262931,197,259
9,9,20179985,코코,2018-01-11,47641300,27365717640,5964,3467133,233,326
10,10,20078561,명탐정 코난:감벽의 관,2018-02-14,43403800,1505844500,5799,202472,278,365
1,1,20170561,블랙 팬서,2018-02-14,2679286238,36439224902,307404,4243454,1242,6046
2,2,20177946,월요일이 사라졌다,2018-02-22,790327400,1406458400,91326,164939,309,1273
3,3,20168250,골든슬럼버,2018-02-14,552220762,10495638198,65527,1270707,684,2489
4,4,20179205,조선명탐정: 흡혈괴마의 비밀,2018-02-08,505632880,18969537664,61788,2333857,635,2286
5,5,20173436,셰이프 오브 워터: 사랑의 모양,2018-02-22,488232582,973227955,55749,113383,404,1312
6,6,20180542,50가지 그림자: 해방,2018-02-21,283768400,780948400,30982,90265,213,973
7,7,20178672,패딩턴 2,2018-02-08,96199700,2087539200,12545,275476,258,364
8,8,20078561,명탐정 코난:감벽의 관,2018-02-14,89622700,1595467200,11812,214284,312,432
9,9,20179985,코코,2018-01-11,87615900,27453333540,10825,3477958,265,374
10,10,20176121,흥부: 글로 세상을 바꾼 자,2018-02-14,78189600,3237222e3,9775,396762,376,724
1,1,20170561,블랙 팬서,2018-02-14,2202879200,38642104102,253219,4496673,1230,5847
2,2,20177946,월요일이 사라졌다,2018-02-22,895606600,2302065e3,102958,267897,355,1379
3,3,20168250,골든슬럼버,2018-02-14,482566400,10978204598,56939,1327646,670,2369
4,4,20179205,조선명탐정: 흡혈괴마의 비밀,2018-02-08,438188900,19407726564,52916,2386773,625,2160
5,5,20173436,셰이프 오브 워터: 사랑의 모양,2018-02-22,432032300,1405260255,49177,162560,397,1298
6,6,20180542,50가지 그림자: 해방,2018-02-21,245189900,1026138300,26327,116592,212,952
7,7,20178672,패딩턴 2,2018-02-08,96243400,2183782600,12400,287876,252,363
8,8,20078561,명탐정 코난:감벽의 관,2018-02-14,92745700,1688212900,12005,226289,304,422
9,9,20179985,코코,2018-01-11,90254800,27543588340,11025,3488983,272,384
10,10,20176121,흥부: 글로 세상을 바꾼 자,2018-02-14,63783200,3301005200,7930,404692,339,650
1,1,20170561,블랙 팬서,2018-02-14,713499400,39355603502,91512,4588185,1153,5368
2,2,20177946,월요일이 사라졌다,2018-02-22,497535200,2799600200,62049,329946,339,1438
3,3,20173436,셰이프 오브 워터: 사랑의 모양,2018-02-22,197541e3,1602801255,25254,187814,351,1337
4,4,20168250,골든슬럼버,2018-02-14,161209400,11139413998,21702,1349348,592,2213
5,5,20179205,조선명탐정: 흡혈괴마의 비밀,2018-02-08,147018300,19554744864,20042,2406815,559,2034
6,6,20180542,50가지 그림자: 해방,2018-02-21,109711100,1135849400,13680,130272,198,905
7,7,20178672,패딩턴 2,2018-02-08,45566700,2229349300,6724,294600,204,301
8,8,20179985,코코,2018-01-11,38810600,27582398940,5478,3494461,234,341
9,9,20189882,반딧불이 딘딘,2018-02-22,31195400,169504e3,4716,23920,270,329
10,10,20078561,명탐정 코난:감벽의 관,2018-02-14,29323500,1717536400,4309,230598,281,371
1,1,20170561,블랙 팬서,2018-02-14,673120600,40028724102,87083,4675268,1153,5316
2,2,20177946,월요일이 사라졌다,2018-02-22,466923200,3266523400,58434,388380,353,1484
3,3,20173436,셰이프 오브 워터: 사랑의 모양,2018-02-22,191388200,1794189455,24650,212464,350,1320
4,4,20179205,조선명탐정: 흡혈괴마의 비밀,2018-02-08,148108200,19702853064,20566,2427381,573,2002
5,5,20168250,골든슬럼버,2018-02-14,149869900,11289283898,20252,1369600,597,2194
6,6,20180542,50가지 그림자: 해방,2018-02-21,105010600,124086e4,13136,143408,200,909
7,7,20178672,패딩턴 2,2018-02-08,56922e3,2286271300,8513,303113,205,303
8,8,20179985,코코,2018-01-11,51034800,27633433740,7290,3501751,239,344
9,9,20189882,반딧불이 딘딘,2018-02-22,36414800,205918800,5494,29414,274,336
10,10,20078561,명탐정 코난:감벽의 관,2018-02-14,37194500,1754730900,5439,236037,291,388
1,1,20150969,궁합,2018-02-28,1060307900,1099044900,175059,179661,855,4107
2,2,20170841,리틀 포레스트,2018-02-28,779250900,889188600,131350,146948,831,4191
3,3,20170561,블랙 팬서,2018-02-14,744568300,40773292402,114218,4789486,701,2741
4,4,20177946,월요일이 사라졌다,2018-02-22,505672100,3772195500,81311,469691,321,1177
5,5,20179731,나미야 잡화점의 기적,2018-02-28,299807100,349059600,49465,54671,479,1213
6,6,20173436,셰이프 오브 워터: 사랑의 모양,2018-02-22,146373500,1940562955,23504,235968,266,680
7,7,20180341,레드 스패로,2018-02-28,111196600,114190600,17633,18053,389,893
8,8,20189861,더 포스트,2018-02-28,93416100,142373800,14731,20554,281,614
9,9,20189663,게이트,2018-02-28,89426200,104504200,13723,15613,179,528
10,10,20180542,50가지 그림자: 해방,2018-02-21,73151300,1314011300,11788,155196,155,370
1,1,20150969,궁합,2018-02-28,2095056200,3194101100,254679,434340,876,4228
2,2,20170841,리틀 포레스트,2018-02-28,1385087900,2274276500,167102,314050,884,4275
3,3,20170561,블랙 팬서,2018-02-14,1266211800,42039504202,150167,4939653,711,2662
4,4,20177946,월요일이 사라졌다,2018-02-22,901881900,4674077400,105148,574839,381,1444
5,5,20179731,나미야 잡화점의 기적,2018-02-28,347332500,696392100,42663,97334,532,1306
6,6,20173436,셰이프 오브 워터: 사랑의 모양,2018-02-22,253927700,2194490655,29442,265410,287,666
7,7,20180341,레드 스패로,2018-02-28,180163300,294353900,21188,39241,384,816
8,8,20189663,게이트,2018-02-28,169687500,274191700,19761,35374,208,554
9,9,20189861,더 포스트,2018-02-28,146777400,289151200,17818,38372,263,572
10,10,20178672,패딩턴 2,2018-02-08,91299e3,2409734600,11990,320132,148,189
1,1,20150969,궁합,2018-02-28,848487053,4042588153,103106,537446,884,4283
2,2,20170841,리틀 포레스트,2018-02-28,658080114,2932356614,78782,392832,830,4103
3,3,20170561,블랙 팬서,2018-02-14,474042533,42513546735,54702,4994355,708,2636
4,4,20177946,월요일이 사라졌다,2018-02-22,367166300,5041243700,41821,616660,353,1450
5,5,20173436,셰이프 오브 워터: 사랑의 모양,2018-02-22,134044467,2328535122,15536,280946,295,702
6,6,20179731,나미야 잡화점의 기적,2018-02-28,121412547,817804647,14587,111921,502,1252
7,7,20180341,레드 스패로,2018-02-28,93155600,387509500,11077,50318,383,814
8,8,20189861,더 포스트,2018-02-28,75638200,364789400,9159,47531,267,573
9,9,20189663,게이트,2018-02-28,71060700,345252400,8289,43663,203,545
10,10,20180542,50가지 그림자: 해방,2018-02-21,65029e3,1488879800,7113,174231,146,369
1,1,20150969,궁합,2018-02-28,1726743862,5769332015,207156,744602,966,4736
2,2,20170841,리틀 포레스트,2018-02-28,1292448216,4224804830,154017,546849,830,3952
3,3,20170561,블랙 팬서,2018-02-14,964399822,43477946557,111713,5106068,787,2939
4,4,20177946,월요일이 사라졌다,2018-02-22,706128200,5747371900,80484,697144,371,1521
5,5,20173436,셰이프 오브 워터: 사랑의 모양,2018-02-22,220279378,2548814500,25213,306159,280,677
6,6,20179731,나미야 잡화점의 기적,2018-02-28,206244038,1024048685,25015,136936,495,1164
7,7,20180341,레드 스패로,2018-02-28,143546600,531056100,16877,67195,371,702
8,8,20189663,게이트,2018-02-28,138243200,483495600,15872,59535,203,551
9,9,20189861,더 포스트,2018-02-28,132455800,497245200,15703,63234,262,543
10,10,20180542,50가지 그림자: 해방,2018-02-21,89380600,1578260400,9816,184047,144,321
1,1,20150969,궁합,2018-02-28,1504703700,7274035715,179649,924251,965,4579
2,2,20170841,리틀 포레스트,2018-02-28,1167949900,5392754730,139737,686586,833,3861
3,3,20170561,블랙 팬서,2018-02-14,774225800,44252172357,89979,5196047,760,2805
4,4,20177946,월요일이 사라졌다,2018-02-22,577713100,6325085e3,65563,762707,351,1453
5,5,20173436,셰이프 오브 워터: 사랑의 모양,2018-02-22,189768500,2738583e3,21712,327871,291,683
6,6,20179731,나미야 잡화점의 기적,2018-02-28,168103500,1192152185,20395,157331,483,1088
7,7,20189663,게이트,2018-02-28,138946900,622442500,15897,75432,208,546
8,8,20189861,더 포스트,2018-02-28,118610500,615855700,14167,77401,254,539
9,9,20180341,레드 스패로,2018-02-28,120892600,651948700,14135,81330,365,677
10,10,20180542,50가지 그림자: 해방,2018-02-21,66206300,1644466700,7158,191205,140,309
1,1,20150969,궁합,2018-02-28,443388300,7717424015,59586,983837,855,4174
2,2,20170841,리틀 포레스트,2018-02-28,385233100,5777987830,50835,737421,751,3711
3,3,20170561,블랙 팬서,2018-02-14,201316800,44453489157,25597,5221644,666,2476
4,4,20177946,월요일이 사라졌다,2018-02-22,160875300,6485960300,19977,782684,304,1308
5,5,20173436,셰이프 오브 워터: 사랑의 모양,2018-02-22,88035100,2826618100,11205,339076,267,717
6,6,20180341,레드 스패로,2018-02-28,53266e3,705214700,7057,88387,374,742
7,7,20179731,나미야 잡화점의 기적,2018-02-28,48039400,1240191585,6403,163734,443,1006
8,8,20189861,더 포스트,2018-02-28,47622500,663478200,6399,83800,273,573
9,9,20189663,게이트,2018-02-28,46947600,669390100,5975,81407,182,537
10,10,20180542,50가지 그림자: 해방,2018-02-21,29322700,1673789400,3695,194900,131,331
1,1,20150969,궁합,2018-02-28,393224900,8110648915,53369,1037206,856,4103
2,2,20170841,리틀 포레스트,2018-02-28,359492700,6137480530,47877,785298,766,3716
3,3,20170561,블랙 팬서,2018-02-14,167437200,44620926357,21352,5242996,653,2402
4,4,20177946,월요일이 사라졌다,2018-02-22,129036400,6614996700,16109,798793,306,1234
5,5,20173436,셰이프 오브 워터: 사랑의 모양,2018-02-22,107656700,2934274800,14555,353631,303,767
6,6,20180341,레드 스패로,2018-02-28,47727e3,752941700,6403,94790,376,741
7,7,20179731,나미야 잡화점의 기적,2018-02-28,45186100,1285377685,6095,169829,454,1004
8,8,20189861,더 포스트,2018-02-28,44284100,707762300,6086,89886,269,563
9,9,20170669,지금 만나러 갑니다,2018-03-14,47170500,50692500,5945,6503,31,32
10,10,20189663,게이트,2018-02-28,40778800,710168900,5145,86552,184,515
1,1,20178781,사라진 밤,2018-03-07,438121700,500164600,57161,65384,697,3388
2,2,20150969,궁합,2018-02-28,299106100,8409755015,40867,1078073,748,3423
3,3,20170841,리틀 포레스트,2018-02-28,303065600,6440546130,40047,825345,667,3101
4,4,20170561,블랙 팬서,2018-02-14,124969e3,44745895357,16010,5259006,508,1773
5,5,20177946,월요일이 사라졌다,2018-02-22,93448800,6708445500,11643,810436,220,947
6,6,20173436,셰이프 오브 워터: 사랑의 모양,2018-02-22,85902300,3020177100,11064,364695,258,693
7,7,20178490,온리 더 브레이브,2018-03-07,70006e3,89692500,9193,11674,283,746
8,8,20176070,플로리다 프로젝트,2018-03-07,40965600,110505300,5187,13520,116,466
9,9,20189861,더 포스트,2018-02-28,33318300,741080600,4485,94371,186,425
10,10,20179731,나미야 잡화점의 기적,2018-02-28,27417500,1312795185,3684,173513,312,573
1,1,20178781,사라진 밤,2018-03-07,497051400,997216e3,65089,130473,608,2997
2,2,20180564,툼레이더,2018-03-08,460361800,470763800,59418,60369,758,3734
3,3,20170841,리틀 포레스트,2018-02-28,265183900,6705730030,35210,860555,580,2393
4,4,20150969,궁합,2018-02-28,247526700,8657281715,33911,1111984,618,2597
5,5,20170561,블랙 팬서,2018-02-14,79358900,44825254257,10437,5269443,402,1060
6,6,20173436,셰이프 오브 워터: 사랑의 모양,2018-02-22,68890900,3089068e3,8891,373586,268,530
7,7,20177946,월요일이 사라졌다,2018-02-22,69498700,6777944200,8725,819161,182,715
8,8,20178490,온리 더 브레이브,2018-03-07,54824200,144516700,7232,18906,289,618
9,9,20176070,플로리다 프로젝트,2018-03-07,35521900,146027200,4491,18011,109,431
10,10,20170669,지금 만나러 갑니다,2018-03-14,23656e3,88387500,3166,11645,18,18
1,1,20178781,사라진 밤,2018-03-07,769412659,1766628659,91238,221711,683,3208
2,2,20180564,툼레이더,2018-03-08,517025048,987788848,60062,120431,782,3776
3,3,20170841,리틀 포레스트,2018-02-28,407946330,7113676360,48734,909289,622,2552
4,4,20150969,궁합,2018-02-28,277932011,8935213726,33716,1145700,630,2625
5,5,20170561,블랙 팬서,2018-02-14,114430900,44939685157,13524,5282967,428,1077
6,6,20173436,셰이프 오브 워터: 사랑의 모양,2018-02-22,106474900,3195542900,12226,385812,294,613
7,7,20177946,월요일이 사라졌다,2018-02-22,92517200,6870461400,10652,829813,183,720
8,8,20176070,플로리다 프로젝트,2018-03-07,56590500,202617700,6267,24278,123,449
9,9,20178490,온리 더 브레이브,2018-03-07,38070300,182587e3,4532,23438,291,595
10,10,20189861,더 포스트,2018-02-28,25094400,784927e3,2965,99877,125,200
1,1,20178781,사라진 밤,2018-03-07,1878100468,3644729127,222771,444482,857,3910
2,2,20180564,툼레이더,2018-03-08,1197739856,2185528704,138253,258684,806,3849
3,3,20170841,리틀 포레스트,2018-02-28,966023320,8079699680,114883,1024172,699,2874
4,4,20150969,궁합,2018-02-28,564958812,9500172538,67925,1213625,647,2681
5,5,20170561,블랙 팬서,2018-02-14,258540300,45198225457,30631,5313598,448,1036
6,6,20173436,셰이프 오브 워터: 사랑의 모양,2018-02-22,20862e4,3404162900,23746,409558,301,650
7,7,20177946,월요일이 사라졌다,2018-02-22,200460400,7070921800,23249,853062,195,709
8,8,20176070,플로리다 프로젝트,2018-03-07,78660900,281278600,9050,33328,126,406
9,9,20178490,온리 더 브레이브,2018-03-07,69100500,251687500,8373,31811,301,582
10,10,20189861,더 포스트,2018-02-28,51645700,836572700,6048,105925,128,200
1,1,20178781,사라진 밤,2018-03-07,1767437500,5412166627,209503,653985,925,3991
2,2,20180564,툼레이더,2018-03-08,996885e3,3182413704,116283,374967,795,3655
3,3,20170841,리틀 포레스트,2018-02-28,830404600,8910104280,99330,1123502,694,2800
4,4,20150969,궁합,2018-02-28,461548800,9961721338,55441,1269066,618,2471
5,5,20170561,블랙 팬서,2018-02-14,224651600,45422877057,26725,5340323,447,1007
6,6,20173436,셰이프 오브 워터: 사랑의 모양,2018-02-22,171797400,3575960300,19583,429141,294,628
7,7,20177946,월요일이 사라졌다,2018-02-22,165135200,7236057e3,19139,872201,186,672
8,8,20178490,온리 더 브레이브,2018-03-07,67293900,318981400,8192,40003,287,552
9,9,20176070,플로리다 프로젝트,2018-03-07,67224900,348503500,7771,41099,125,374
10,10,20189861,더 포스트,2018-02-28,49190300,885763e3,5835,111760,123,200
1,1,20178781,사라진 밤,2018-03-07,458747e3,5870913627,59935,713920,790,3747
2,2,20170841,리틀 포레스트,2018-02-28,226544100,9136648380,30094,1153596,640,2626
3,3,20180564,툼레이더,2018-03-08,215581900,3397995604,27976,402943,710,3256
4,4,20150969,궁합,2018-02-28,109934700,10071656038,15151,1284217,573,2134
5,5,20170561,블랙 팬서,2018-02-14,57081400,45479958457,7536,5347859,412,939
6,6,20173436,셰이프 오브 워터: 사랑의 모양,2018-02-22,56010100,3631970400,7172,436313,275,619
7,7,20177946,월요일이 사라졌다,2018-02-22,41504900,7277561900,5164,877365,175,609
8,8,20170669,지금 만나러 갑니다,2018-03-14,37421e3,145276500,4793,18540,20,21
9,9,20176070,플로리다 프로젝트,2018-03-07,28011500,376515e3,3529,44628,117,363
10,10,20178490,온리 더 브레이브,2018-03-07,20506900,339488300,2777,42780,266,500
1,1,20178781,사라진 밤,2018-03-07,416611400,6287525027,54522,768442,800,3756
2,2,20170841,리틀 포레스트,2018-02-28,225956300,9362604680,30183,1183779,656,2635
3,3,20180564,툼레이더,2018-03-08,183640100,3581635704,23955,426898,715,3156
4,4,20150969,궁합,2018-02-28,106295300,10177951338,14852,1299069,567,2095
5,5,20170561,블랙 팬서,2018-02-14,54628200,45534586657,7218,5355077,417,938
6,6,20173436,셰이프 오브 워터: 사랑의 모양,2018-02-22,55348200,3687318600,7181,443494,279,620
7,7,20177946,월요일이 사라졌다,2018-02-22,36781100,7314343e3,4656,882021,181,606
8,8,20172244,치즈인더트랩,2018-03-14,32911600,49511600,4081,6155,43,45
9,9,20170669,지금 만나러 갑니다,2018-03-14,30322100,175598600,4040,22580,35,35
10,10,20176070,플로리다 프로젝트,2018-03-07,28011600,404526600,3560,48188,119,345
1,1,20170669,지금 만나러 갑니다,2018-03-14,682198900,857797500,89772,112352,990,4278
2,2,20178781,사라진 밤,2018-03-07,376754e3,6664279027,49340,817782,675,3154
3,3,20172244,치즈인더트랩,2018-03-14,261562900,311074500,32805,38960,346,1636
4,4,20170841,리틀 포레스트,2018-02-28,172606900,9535211580,22905,1206684,510,1839
5,5,20180302,허리케인 하이스트,2018-03-14,144418300,154835300,18997,20229,462,1775
6,6,20180564,툼레이더,2018-03-08,106086400,3687722104,13774,440672,494,1482
7,7,20150969,궁합,2018-02-28,39700200,10217651538,5674,1304743,360,704
8,8,20173436,셰이프 오브 워터: 사랑의 모양,2018-02-22,38206500,3725525100,4927,448421,183,356
9,9,20180082,로건 럭키,2018-03-14,23103800,29797300,3238,4090,249,531
10,10,20176070,플로리다 프로젝트,2018-03-07,20137400,424664e3,2532,50720,76,147
1,1,20170669,지금 만나러 갑니다,2018-03-14,641703700,1499501200,85402,197754,1020,4319
2,2,20178781,사라진 밤,2018-03-07,298371100,6962650127,39473,857255,652,3077
3,3,20180302,허리케인 하이스트,2018-03-14,147168300,302003600,19532,39761,485,1768
4,4,20170841,리틀 포레스트,2018-02-28,145160300,9680371880,19352,1226036,521,1760
5,5,20172244,치즈인더트랩,2018-03-14,131454100,442528600,16640,55600,338,1526
6,6,20180564,툼레이더,2018-03-08,99103600,3786825704,13022,453694,499,1400
7,7,20178449,쓰리 빌보드,2018-03-15,39847700,90070400,5236,11018,88,238
8,8,20150969,궁합,2018-02-28,36566600,10254218138,5203,1309946,338,599
9,9,20173436,셰이프 오브 워터: 사랑의 모양,2018-02-22,32647400,3758172500,4194,452615,178,307
10,10,20180082,로건 럭키,2018-03-14,20872300,50669600,2856,6946,256,503
1,1,20170669,지금 만나러 갑니다,2018-03-14,1048910675,2548411875,125650,323404,1051,4579
2,2,20178781,사라진 밤,2018-03-07,413970807,7376620934,49664,906919,683,3232
3,3,20170841,리틀 포레스트,2018-02-28,222310818,9902682698,26541,1252577,538,1897
4,4,20180302,허리케인 하이스트,2018-03-14,199204375,501207975,23719,63480,494,1764
5,5,20172244,치즈인더트랩,2018-03-14,197488800,640017400,23166,78766,350,1559
6,6,20180564,툼레이더,2018-03-08,107618682,3894444386,12786,466480,497,1348
7,7,20178449,쓰리 빌보드,2018-03-15,56705800,146776200,6679,17697,94,275
8,8,20173436,셰이프 오브 워터: 사랑의 모양,2018-02-22,47397e3,3805569500,5396,458011,191,322
9,9,20150969,궁합,2018-02-28,34241e3,10288459138,4401,1314347,323,567
10,10,20180082,로건 럭키,2018-03-14,27095600,77765200,3301,10247,242,479
1,1,20170669,지금 만나러 갑니다,2018-03-14,2403640173,4952052048,285331,608735,1163,5151
2,2,20178781,사라진 밤,2018-03-07,923480403,8300101337,110296,1017215,777,3487
3,3,20170841,리틀 포레스트,2018-02-28,464907224,10367589922,55314,1307891,584,2026
4,4,20180302,허리케인 하이스트,2018-03-14,428200073,929408048,50752,114232,518,1784
5,5,20172244,치즈인더트랩,2018-03-14,394269300,1034286700,46482,125248,364,1550
6,6,20180564,툼레이더,2018-03-08,225410276,4119854662,26552,493032,511,1255
7,7,20178449,쓰리 빌보드,2018-03-15,107184700,253960900,12523,30220,110,276
8,8,20173436,셰이프 오브 워터: 사랑의 모양,2018-02-22,88902700,3894472200,10007,468018,193,313
9,9,20170561,블랙 팬서,2018-02-14,61636500,45654877557,7371,5369853,137,219
10,10,20150969,궁합,2018-02-28,56826800,10345285938,7123,1321470,311,508
1,1,20170669,지금 만나러 갑니다,2018-03-14,2295312100,7247364148,272187,880922,1163,5066
2,2,20178781,사라진 밤,2018-03-07,775113900,9075215237,91945,1109160,749,3360
3,3,20170841,리틀 포레스트,2018-02-28,383090300,10750680222,45707,1353598,588,1953
4,4,20180302,허리케인 하이스트,2018-03-14,378843500,1308251548,44909,159141,544,1764
5,5,20172244,치즈인더트랩,2018-03-14,309706600,1343993300,36546,161794,346,1406
6,6,20180564,툼레이더,2018-03-08,196711e3,4316565662,23013,516045,508,1194
7,7,20178449,쓰리 빌보드,2018-03-15,92590200,346551100,10854,41074,103,277
8,8,20173436,셰이프 오브 워터: 사랑의 모양,2018-02-22,72158800,3966631e3,8133,476151,193,316
9,9,20170561,블랙 팬서,2018-02-14,55781100,45710658657,6683,5376536,142,217
10,10,20150969,궁합,2018-02-28,48200200,10393486138,6003,1327473,296,463
1,1,20170669,지금 만나러 갑니다,2018-03-14,752745300,8000109448,99896,980818,1087,4718
2,2,20178781,사라진 밤,2018-03-07,206959800,9282175037,27408,1136568,684,2976
3,3,20170841,리틀 포레스트,2018-02-28,112879100,10863559322,15005,1368603,546,1789
4,4,20180302,허리케인 하이스트,2018-03-14,105249600,1413501148,14096,173237,486,1685
5,5,20172244,치즈인더트랩,2018-03-14,70180800,1414174100,8953,170747,295,1203
6,6,20180564,툼레이더,2018-03-08,60368400,4376934062,7919,523964,462,1129
7,7,20178449,쓰리 빌보드,2018-03-15,36936700,383487800,4926,46e3,95,292
8,8,20173436,셰이프 오브 워터: 사랑의 모양,2018-02-22,26293600,3992924600,3389,479540,180,313
9,9,20150969,궁합,2018-02-28,22548200,10416034338,3291,1330764,280,454
10,10,20170561,블랙 팬서,2018-02-14,16951400,45727610057,2223,5378759,134,209
1,1,20170669,지금 만나러 갑니다,2018-03-14,709021900,8709131348,94239,1075057,1092,4697
2,2,20178781,사라진 밤,2018-03-07,180601900,9462776937,23879,1160447,678,2898
3,3,20170841,리틀 포레스트,2018-02-28,107330500,10970889822,14371,1382974,529,1768
4,4,20180302,허리케인 하이스트,2018-03-14,87502400,1501003548,11652,184889,477,1624
5,5,20172244,치즈인더트랩,2018-03-14,61238200,1475412300,7881,178628,290,1143
6,6,20180564,툼레이더,2018-03-08,48337900,4425271962,6429,530393,446,1071
7,7,20178449,쓰리 빌보드,2018-03-15,37637100,421124900,4993,50993,97,294
8,8,20173436,셰이프 오브 워터: 사랑의 모양,2018-02-22,26183300,4019107900,3484,483024,179,306
9,9,20178522,콜 미 바이 유어 네임,2018-03-22,18304500,55233e3,2955,6958,22,22
10,10,20150969,궁합,2018-02-28,17647800,10433682138,2561,1333325,273,419
1,1,20174603,퍼시픽 림: 업라이징,2018-03-21,924428500,926428500,114863,115063,1106,5472
2,2,20170669,지금 만나러 갑니다,2018-03-14,666855400,9375986748,88214,1163271,1003,3810
3,3,20178781,사라진 밤,2018-03-07,144591200,9607368137,19194,1179641,591,1987
4,4,20170841,리틀 포레스트,2018-02-28,93969300,11064859122,12838,1395812,515,1239
5,5,20180302,허리케인 하이스트,2018-03-14,41993500,1542997048,5750,190639,360,825
6,6,20172244,치즈인더트랩,2018-03-14,42193500,1517605800,5420,184048,238,786
7,7,20178449,쓰리 빌보드,2018-03-15,28522800,449647700,3752,54745,93,217
8,8,19900335,사랑과 영혼,1990-11-24,26672e3,62541200,2972,14099,12,12
9,9,20178522,콜 미 바이 유어 네임,2018-03-22,21605600,76838600,2402,9360,18,18
10,10,20173436,셰이프 오브 워터: 사랑의 모양,2018-02-22,16927200,4036035100,2203,485227,131,204
1,1,20174603,퍼시픽 림: 업라이징,2018-03-21,704720600,1631149100,87997,203060,1064,5696
2,2,20170669,지금 만나러 갑니다,2018-03-14,626521300,10002508048,83417,1246688,962,4001
3,3,20178781,사라진 밤,2018-03-07,119010600,9726378737,15735,1195376,523,1732
4,4,20178522,콜 미 바이 유어 네임,2018-03-22,92179400,169018e3,11781,21141,176,662
5,5,20170841,리틀 포레스트,2018-02-28,76009e3,11140868122,10268,1406080,432,944
6,6,20172244,치즈인더트랩,2018-03-14,37033100,1554638900,4714,188762,204,663
7,7,20173962,소공녀,2018-03-22,33201800,43446300,4421,5794,259,619
8,8,20180302,허리케인 하이스트,2018-03-14,26419100,1569416148,3534,194173,291,606
9,9,20178449,쓰리 빌보드,2018-03-15,23991700,473639400,3111,57856,80,165
10,10,20180804,곤지암,2018-03-28,1436e4,109851e3,1806,13149,9,9
1,1,20174603,퍼시픽 림: 업라이징,2018-03-21,1043333065,2674482165,119455,322515,1092,5864
2,2,20170669,지금 만나러 갑니다,2018-03-14,949853135,10952361183,114380,1361068,1036,4317
3,3,20178781,사라진 밤,2018-03-07,166519389,9892898126,20242,1215618,536,1755
4,4,20178522,콜 미 바이 유어 네임,2018-03-22,112503500,281521500,12926,34067,182,682
5,5,20170841,리틀 포레스트,2018-02-28,106478776,11247346898,12799,1418879,460,990
6,6,20172244,치즈인더트랩,2018-03-14,53592e3,1608230900,6216,194978,221,641
7,7,20173962,소공녀,2018-03-22,37479600,80925900,4489,10283,255,601
8,8,20178449,쓰리 빌보드,2018-03-15,34164900,507804300,3989,61845,89,178
9,9,20180302,허리케인 하이스트,2018-03-14,29605300,1599021448,3676,197849,287,620
10,10,20154908,7년의 밤,2018-03-28,24068500,38828500,2662,4302,15,15
1,1,20174603,퍼시픽 림: 업라이징,2018-03-21,2561882277,5236364442,296735,619250,1145,6110
2,2,20170669,지금 만나러 갑니다,2018-03-14,2059153723,13011514906,247069,1608137,1191,5061
3,3,20178781,사라진 밤,2018-03-07,325863890,10218762016,39530,1255148,540,1638
4,4,20170841,리틀 포레스트,2018-02-28,211182487,11458529385,25371,1444250,466,954
5,5,20180804,곤지암,2018-03-28,186732500,307019500,24301,38888,152,274
6,6,20181366,미니특공대X,2018-03-22,174112600,212776500,23302,28350,448,692
7,7,20178522,콜 미 바이 유어 네임,2018-03-22,154122800,435644300,17418,51485,192,684
8,8,20172244,치즈인더트랩,2018-03-14,118860700,1727091600,13971,208949,237,569
9,9,20178449,쓰리 빌보드,2018-03-15,71392300,579196600,8180,70025,85,183
10,10,20173962,소공녀,2018-03-22,54635100,135561e3,6328,16611,262,549
1,1,20174603,퍼시픽 림: 업라이징,2018-03-21,2041559700,7277924142,239156,858406,1125,5925
2,2,20170669,지금 만나러 갑니다,2018-03-14,1802271850,14813786756,215646,1823783,1164,4968
3,3,20178781,사라진 밤,2018-03-07,272489300,10491251316,32858,1288006,543,1547
4,4,20180804,곤지암,2018-03-28,224427800,531447300,29041,67929,153,274
5,5,20181366,미니특공대X,2018-03-22,193214700,405991200,25489,53839,458,749
6,6,20170841,리틀 포레스트,2018-02-28,181230800,11639760185,22029,1466279,458,929
7,7,20178522,콜 미 바이 유어 네임,2018-03-22,139591900,575236200,15777,67262,185,638
8,8,20172244,치즈인더트랩,2018-03-14,100641300,1827732900,11638,220587,233,536
9,9,20178449,쓰리 빌보드,2018-03-15,55541300,634737900,6415,76440,87,181
10,10,20173962,소공녀,2018-03-22,49941300,185502300,5934,22545,255,512
1,1,20170669,지금 만나러 갑니다,2018-03-14,485880300,15299667056,64730,1888513,1047,4527
2,2,20174603,퍼시픽 림: 업라이징,2018-03-21,378428900,7656353042,48325,906731,1028,5234
3,3,20178781,사라진 밤,2018-03-07,84419200,10575670516,11187,1299193,504,1545
4,4,20178522,콜 미 바이 유어 네임,2018-03-22,68993900,644230100,8782,76044,169,648
5,5,20170841,리틀 포레스트,2018-02-28,57450800,11697210985,7874,1474153,448,974
6,6,20173962,소공녀,2018-03-22,30866300,216368600,4129,26674,284,578
7,7,20172244,치즈인더트랩,2018-03-14,21972900,1849705800,2843,223430,197,481
8,8,20178449,쓰리 빌보드,2018-03-15,18836500,653574400,2489,78929,85,187
9,9,20154908,7년의 밤,2018-03-28,18204e3,57032500,1980,6282,10,11
10,10,20180302,허리케인 하이스트,2018-03-14,13639600,1705167948,1956,211181,255,475
1,1,20170669,지금 만나러 갑니다,2018-03-14,471103400,15770770456,63258,1951771,1072,4533
2,2,20174603,퍼시픽 림: 업라이징,2018-03-21,315716800,7972069842,39970,946701,1038,5051
3,3,20178781,사라진 밤,2018-03-07,78631500,10654302016,10577,1309770,509,1515
4,4,20178522,콜 미 바이 유어 네임,2018-03-22,69403900,713634e3,8790,84834,175,652
5,5,20170841,리틀 포레스트,2018-02-28,61363300,11758574285,8590,1482743,458,1e3
6,6,20173962,소공녀,2018-03-22,29882900,246251500,3968,30642,283,578
7,7,20153447,바람 바람 바람,2018-04-05,28079e3,37609e3,3446,4506,12,12
8,8,20172244,치즈인더트랩,2018-03-14,20561900,1870267700,2690,226120,208,469
9,9,20178449,쓰리 빌보드,2018-03-15,1843e4,672004400,2498,81427,88,189
10,10,20181561,덕구,2018-04-05,19194e3,4505e4,2343,6285,8,10
1,1,20180804,곤지암,2018-03-28,1256720400,1789245700,198366,266449,808,3501
2,2,20171122,레디 플레이어 원,2018-03-28,1005005e3,105419e4,149784,153331,985,4057
3,3,20154908,7년의 밤,2018-03-28,737252400,813271200,124690,132601,872,3361
4,4,20170669,지금 만나러 갑니다,2018-03-14,436023800,16206794256,76162,2027933,702,2407
5,5,20174603,퍼시픽 림: 업라이징,2018-03-21,138668400,8110738242,23378,970079,550,1672
6,6,20178522,콜 미 바이 유어 네임,2018-03-22,51913800,765547800,8269,93103,155,384
7,7,20181621,막달라 마리아: 부활의 증인,2018-03-28,20066e3,20696e3,3214,3304,99,218
8,8,19720061,정무문,1973-07-27,26872e3,55326e3,3e3,9528,11,11
9,9,20170841,리틀 포레스트,2018-02-28,16493e3,11775067285,2808,1485551,127,171
10,10,20173962,소공녀,2018-03-22,15173800,261425300,2598,33240,115,153
1,1,20180804,곤지암,2018-03-28,912163400,2701409100,117948,384397,849,3714
2,2,20171122,레디 플레이어 원,2018-03-28,781518400,1835708400,91641,244972,965,4059
3,3,20154908,7년의 밤,2018-03-28,395519700,1208790900,52833,185434,836,3275
4,4,20170669,지금 만나러 갑니다,2018-03-14,296742400,16503536656,40017,2067950,677,2421
5,5,20174603,퍼시픽 림: 업라이징,2018-03-21,89778400,8200516642,11903,981982,521,1551
6,6,20178522,콜 미 바이 유어 네임,2018-03-22,47934900,813482700,6197,99300,160,382
7,7,20181621,막달라 마리아: 부활의 증인,2018-03-28,17189e3,37885e3,2555,5859,101,210
8,8,20170841,리틀 포레스트,2018-02-28,13376800,11788444085,1960,1487511,114,153
9,9,20181561,덕구,2018-04-05,12152e3,57202e3,1472,7757,5,5
10,10,20173962,소공녀,2018-03-22,10832400,272257700,1411,34651,88,150
1,1,20180804,곤지암,2018-03-28,1545170863,4246579963,185811,570208,954,4237
2,2,20171122,레디 플레이어 원,2018-03-28,1245425012,3081133412,134675,379647,980,4188
3,3,20154908,7년의 밤,2018-03-28,472258963,1681049863,57164,242598,812,3231
4,4,20170669,지금 만나러 갑니다,2018-03-14,442375225,16945911881,54151,2122101,708,2571
5,5,20174603,퍼시픽 림: 업라이징,2018-03-21,120371275,8320887917,14592,996574,502,1401
6,6,20178522,콜 미 바이 유어 네임,2018-03-22,62991200,876473900,7272,106572,161,381
7,7,20170841,리틀 포레스트,2018-02-28,17562900,11806006985,2407,1489918,124,167
8,8,20181621,막달라 마리아: 부활의 증인,2018-03-28,15544e3,53429e3,2117,7976,99,206
9,9,20173962,소공녀,2018-03-22,14249400,286507100,1723,36374,88,161
10,10,20178449,쓰리 빌보드,2018-03-15,11462200,700900100,1338,85357,60,93
1,1,20180804,곤지암,2018-03-28,3452656511,7699236474,423348,993556,1075,5360
2,2,20171122,레디 플레이어 원,2018-03-28,2917313417,5998446829,323889,703536,1079,4594
3,3,20170669,지금 만나러 갑니다,2018-03-14,896251122,17842163003,108358,2230459,736,2682
4,4,20154908,7년의 밤,2018-03-28,798420161,2479470024,95493,338091,725,2803
5,5,20174603,퍼시픽 림: 업라이징,2018-03-21,247275178,8568163095,30357,1026931,486,1148
6,6,20181366,미니특공대X,2018-03-22,93129700,532689200,12378,71114,347,542
7,7,20178522,콜 미 바이 유어 네임,2018-03-22,86415500,962889400,9958,116530,156,346
8,8,20181621,막달라 마리아: 부활의 증인,2018-03-28,28554500,81983500,3829,11805,110,215
9,9,20170841,리틀 포레스트,2018-02-28,28178300,11834185285,3561,1493479,92,129
10,10,20173962,소공녀,2018-03-22,26769100,313276200,3137,39511,82,153
1,1,20180804,곤지암,2018-03-28,3047801300,10747037774,373855,1367411,1124,5433
2,2,20171122,레디 플레이어 원,2018-03-28,2538265250,8536712079,283183,986719,1058,4460
3,3,20170669,지금 만나러 갑니다,2018-03-14,749577e3,18591740003,90815,2321274,736,2588
4,4,20154908,7년의 밤,2018-03-28,669215700,3148685724,80035,418126,705,2580
5,5,20174603,퍼시픽 림: 업라이징,2018-03-21,205295800,8773458895,25460,1052391,489,1092
6,6,20181366,미니특공대X,2018-03-22,91198500,623887700,12122,83236,347,537
7,7,20178522,콜 미 바이 유어 네임,2018-03-22,74657400,1037546800,8661,125191,164,345
8,8,20181621,막달라 마리아: 부활의 증인,2018-03-28,31589800,113573300,4145,15950,111,199
9,9,20173962,소공녀,2018-03-22,24119200,337395400,2835,42346,81,149
10,10,20170841,리틀 포레스트,2018-02-28,21765300,11855950585,2747,1496226,88,126
1,1,20180804,곤지암,2018-03-28,844662e3,11591699774,109505,1476916,927,4797
2,2,20171122,레디 플레이어 원,2018-03-28,629486200,9166198279,74329,1061048,959,4147
3,3,20170669,지금 만나러 갑니다,2018-03-14,210665700,18802405703,28444,2349718,655,2446
4,4,20154908,7년의 밤,2018-03-28,181766900,3330452624,24482,442608,608,2374
5,5,20174603,퍼시픽 림: 업라이징,2018-03-21,47685500,8821144395,6320,1058711,427,1025
6,6,20178522,콜 미 바이 유어 네임,2018-03-22,38085800,1075632600,4860,130051,156,388
7,7,20181621,막달라 마리아: 부활의 증인,2018-03-28,12736e3,126309300,1948,17898,99,203
8,8,20181561,덕구,2018-04-05,13568e3,7077e4,1696,9453,6,6
9,9,20170841,리틀 포레스트,2018-02-28,11350700,11867301285,1626,1497852,112,166
10,10,20173962,소공녀,2018-03-22,9363600,346759e3,1259,43605,83,149
1,1,20180804,곤지암,2018-03-28,673013300,12264713074,87577,1564493,977,4820
2,2,20171122,레디 플레이어 원,2018-03-28,536259700,9702457979,63033,1124081,982,4134
3,3,20170669,지금 만나러 갑니다,2018-03-14,190049400,18992455103,25784,2375502,681,2429
4,4,20154908,7년의 밤,2018-03-28,167159100,3497611724,22447,465055,639,2341
5,5,20174603,퍼시픽 림: 업라이징,2018-03-21,37072e3,8858216395,5016,1063727,434,951
6,6,20153447,바람 바람 바람,2018-04-05,35442e3,138891200,4785,17428,38,38
7,7,20178522,콜 미 바이 유어 네임,2018-03-22,32643900,1108276500,4221,134272,154,352
8,8,20181561,덕구,2018-04-05,17226e3,87996e3,2206,11659,8,8
9,9,20181621,막달라 마리아: 부활의 증인,2018-03-28,11167500,137476800,1703,19601,104,200
10,10,20165045,머니백,2018-04-12,13644e3,19628e3,1516,2508,5,7
1,1,20180804,곤지암,2018-03-28,701757100,12966470174,92050,1656543,989,5244
2,2,20171122,레디 플레이어 원,2018-03-28,573146400,10275604379,68144,1192225,962,4096
3,3,20170669,지금 만나러 갑니다,2018-03-14,208591900,19201047003,28134,2403636,665,2384
4,4,20154908,7년의 밤,2018-03-28,139568600,3637180324,18854,483909,582,2061
5,5,20178424,레이디 버드,2018-04-04,59284e3,110958e3,8017,14237,336,826
6,6,20174603,퍼시픽 림: 업라이징,2018-03-21,33576700,8891793095,4543,1068270,353,763
7,7,20178522,콜 미 바이 유어 네임,2018-03-22,32709500,1140986e3,4221,138493,146,360
8,8,20181788,콰이어트 플레이스,2018-04-12,26208e3,26208e3,3207,3207,15,15
9,9,20181621,막달라 마리아: 부활의 증인,2018-03-28,10126900,147603700,1483,21084,93,171
10,10,20170841,리틀 포레스트,2018-02-28,8643100,11885899985,1251,1500526,94,135
1,1,20153447,바람 바람 바람,2018-04-05,712977e3,851886200,95534,112964,792,3680
2,2,20180804,곤지암,2018-03-28,600953900,13567424074,78273,1734816,896,4761
3,3,20171122,레디 플레이어 원,2018-03-28,510856900,10786461279,60436,1252661,819,3241
4,4,20170669,지금 만나러 갑니다,2018-03-14,146223900,19347270903,19801,2423437,507,1632
5,5,20181561,덕구,2018-04-05,124011100,212631100,17766,29529,463,1764
6,6,20154908,7년의 밤,2018-03-28,57670700,3694851024,7840,491749,444,902
7,7,20178424,레이디 버드,2018-04-04,51388300,162346300,6986,21223,333,759
8,8,20178522,콜 미 바이 유어 네임,2018-03-22,26682300,1167668300,3369,141862,134,284
9,9,20165045,머니백,2018-04-12,2092e4,40548e3,2571,5079,14,14
10,10,20182922,문호 스트레이독스 [데드 애플],2018-04-05,18153e3,29501e3,2419,3973,75,134
1,1,20153447,바람 바람 바람,2018-04-05,1036089712,1887975912,135978,248942,955,4106
2,2,20180804,곤지암,2018-03-28,940251570,14507675644,111324,1846140,922,4878
3,3,20171122,레디 플레이어 원,2018-03-28,808764270,11595225549,87037,1339698,845,3330
4,4,20170669,지금 만나러 갑니다,2018-03-14,206732118,19554003021,25202,2448639,528,1652
5,5,20181561,덕구,2018-04-05,161498800,374129900,20919,50448,462,1706
6,6,20178424,레이디 버드,2018-04-04,64434700,226781e3,7835,29058,345,786
7,7,20154908,7년의 밤,2018-03-28,58774900,3753625924,7438,499187,439,826
8,8,20178522,콜 미 바이 유어 네임,2018-03-22,35071100,1202739400,3970,145832,133,268
9,9,20182922,문호 스트레이독스 [데드 애플],2018-04-05,13452500,42953500,1651,5624,75,135
10,10,20182021,번개맨과 신비의 섬,2018-04-05,12715500,35626200,1602,4597,120,146
1,1,20180804,곤지암,2018-03-28,1889642964,16397318608,226600,2072740,950,5177
2,2,20171122,레디 플레이어 원,2018-03-28,1935002564,13530228113,209751,1549449,889,3541
3,3,20153447,바람 바람 바람,2018-04-05,1757492229,3645468141,206378,455320,985,4843
4,4,20170669,지금 만나러 갑니다,2018-03-14,357654807,19911657828,42484,2491123,530,1482
5,5,20181561,덕구,2018-04-05,319534500,693664400,40591,91039,509,1486
6,6,20182021,번개맨과 신비의 섬,2018-04-05,127793200,163419400,16093,20690,182,407
7,7,20178424,레이디 버드,2018-04-04,93072800,319853800,11090,40148,310,599
8,8,20181788,콰이어트 플레이스,2018-04-12,69458900,106714900,8031,12619,203,358
9,9,20154908,7년의 밤,2018-03-28,64068700,3817694624,7794,506981,366,603
10,10,20178522,콜 미 바이 유어 네임,2018-03-22,45547500,1248286900,5161,150993,127,222
1,1,20171122,레디 플레이어 원,2018-03-28,1621365900,15151594013,176623,1726072,888,3460
2,2,20180804,곤지암,2018-03-28,1478411600,17875730208,175724,2248464,947,4950
3,3,20153447,바람 바람 바람,2018-04-05,1382875900,5028344041,161658,616978,968,4658
4,4,20181561,덕구,2018-04-05,371043900,1064708300,46814,137853,544,1540
5,5,20170669,지금 만나러 갑니다,2018-03-14,291420500,20203078328,34655,2525778,521,1417
6,6,20182021,번개맨과 신비의 섬,2018-04-05,125961800,289381200,15726,36416,191,418
7,7,20178424,레이디 버드,2018-04-04,79319700,399173500,9604,49752,309,578
8,8,20181788,콰이어트 플레이스,2018-04-12,79251700,185966600,9169,21788,206,356
9,9,20154908,7년의 밤,2018-03-28,52622300,3870316924,6380,513361,338,537
10,10,20181366,미니특공대X,2018-03-22,40496e3,714170400,5397,95568,163,246
1,1,20153447,바람 바람 바람,2018-04-05,429402800,5457746841,56888,673866,881,4321
2,2,20180804,곤지암,2018-03-28,362343100,18238073308,47017,2295481,843,4292
3,3,20171122,레디 플레이어 원,2018-03-28,365487600,15517081613,43926,1769998,786,3196
4,4,20181561,덕구,2018-04-05,119270700,1183979e3,16405,154258,467,1564
5,5,20170669,지금 만나러 갑니다,2018-03-14,88909200,20291987528,11969,2537747,484,1459
6,6,20178424,레이디 버드,2018-04-04,38586500,43776e4,5188,54940,288,645
7,7,20176917,램페이지,2018-04-12,41887e3,41887e3,3430,3430,12,12
8,8,20154908,7년의 밤,2018-03-28,21242500,3891559424,2967,516328,330,578
9,9,20178522,콜 미 바이 유어 네임,2018-03-22,19003500,1304965100,2420,157695,128,258
10,10,20182323,임을 위한 행진곡,2018-05-16,8832e3,8832e3,1104,1104,3,3
1,1,20153447,바람 바람 바람,2018-04-05,415628900,5873375741,54859,728725,884,4334
2,2,20180804,곤지암,2018-03-28,312640700,18550714008,40526,2336007,845,4202
3,3,20171122,레디 플레이어 원,2018-03-28,324751100,15841832713,38108,1808106,777,3128
4,4,20181561,덕구,2018-04-05,115330600,1299309600,15888,170146,486,1602
5,5,20170669,지금 만나러 갑니다,2018-03-14,82983100,20374970628,11241,2548988,495,1430
6,6,20178424,레이디 버드,2018-04-04,37808600,475568600,5168,60108,298,637
7,7,20154908,7년의 밤,2018-03-28,20355800,3911915224,2787,519115,329,550
8,8,20178522,콜 미 바이 유어 네임,2018-03-22,18889600,1323854700,2421,160116,131,255
9,9,20128386,라이프 오브 파이,2013-01-01,10513500,15894650500,1514,1595960,16,17
10,10,20182021,번개맨과 신비의 섬,2018-04-05,5796500,300314700,795,37905,106,132
1,1,20153447,바람 바람 바람,2018-04-05,456117500,6329493241,58994,787719,876,4256
2,2,20171122,레디 플레이어 원,2018-03-28,373564700,16215397413,43136,1851242,786,3136
3,3,20180804,곤지암,2018-03-28,322855400,18873569408,40888,2376895,844,4046
4,4,20181561,덕구,2018-04-05,142929400,1442239e3,19560,189706,505,1601
5,5,20170669,지금 만나러 갑니다,2018-03-14,89537800,20464508428,11675,2560663,481,1410
6,6,20182352,"그날, 바다",2018-04-12,59444e3,64322e3,7319,7865,161,263
7,7,20178424,레이디 버드,2018-04-04,42531300,518099900,5473,65581,292,618
8,8,20178522,콜 미 바이 유어 네임,2018-03-22,21847500,1345702200,2619,162735,128,258
9,9,20154908,7년의 밤,2018-03-28,18855300,3930770524,2456,521571,309,501
10,10,20128386,라이프 오브 파이,2013-01-01,15361800,15910012300,1553,1597513,18,20
1,1,20176917,램페이지,2018-04-12,604887250,649285250,74779,78506,784,3751
2,2,20153447,바람 바람 바람,2018-04-05,280290900,6609784141,36074,823793,584,2593
3,3,20181788,콰이어트 플레이스,2018-04-12,288307e3,478827600,35950,58244,542,2425
4,4,20182352,"그날, 바다",2018-04-12,192056800,256378800,24593,32458,483,1094
5,5,20180804,곤지암,2018-03-28,196047600,19069617008,24288,2401183,543,1994
6,6,20171122,레디 플레이어 원,2018-03-28,197715e3,16413112413,23446,1874688,531,1753
7,7,20165045,머니백,2018-04-12,56316100,96864100,7666,12745,472,1287
8,8,20181561,덕구,2018-04-05,45368100,1487607100,6415,196121,292,533
9,9,20170669,지금 만나러 갑니다,2018-03-14,30689900,20495198328,4104,2564767,222,384
10,10,20128386,라이프 오브 파이,2013-01-01,25449e3,15935461300,2526,1600039,82,200
1,1,20176917,램페이지,2018-04-12,914701475,1563986725,104370,182876,836,3951
2,2,20181788,콰이어트 플레이스,2018-04-12,426585487,905413087,48722,106966,589,2570
3,3,20153447,바람 바람 바람,2018-04-05,364532712,6974316853,42063,865856,608,2650
4,4,20171122,레디 플레이어 원,2018-03-28,336169788,16749282201,37051,1911739,559,1842
5,5,20180804,곤지암,2018-03-28,322938213,19392555221,37043,2438226,552,2096
6,6,20182352,"그날, 바다",2018-04-12,269762500,526141300,31321,63779,550,1319
7,7,20181561,덕구,2018-04-05,75848200,1563455300,9991,206112,339,605
8,8,20165045,머니백,2018-04-12,65283500,162147600,8e3,20745,463,1176
9,9,20170669,지금 만나러 갑니다,2018-03-14,44920500,20540118828,5468,2570235,219,368
10,10,20128386,라이프 오브 파이,2013-01-01,33463900,15968925200,3010,1603049,84,205
1,1,20176917,램페이지,2018-04-12,2410013347,3974000072,274338,457214,895,4520
2,2,20181788,콰이어트 플레이스,2018-04-12,791414977,1696828064,88483,195449,677,2863
3,3,20171122,레디 플레이어 원,2018-03-28,808264470,17557546671,87745,1999484,585,1950
4,4,20153447,바람 바람 바람,2018-04-05,763666830,7737983683,86145,952001,623,2621
5,5,20180804,곤지암,2018-03-28,664276623,20056831844,76299,2514525,608,2101
6,6,20182352,"그날, 바다",2018-04-12,510760600,1036901900,59120,122899,569,1622
7,7,20181561,덕구,2018-04-05,171355500,1734810800,21745,227857,330,612
8,8,20182221,스파키,2018-04-12,90760400,110654300,12124,14768,310,453
9,9,20165045,머니백,2018-04-12,99963700,262111300,12015,32760,463,933
10,10,20170669,지금 만나러 갑니다,2018-03-14,80682900,20620801728,9325,2579560,203,316
1,1,20176917,램페이지,2018-04-12,2016598e3,5990598072,229406,686620,909,4474
2,2,20181788,콰이어트 플레이스,2018-04-12,630431600,2327259664,70250,265699,659,2732
3,3,20171122,레디 플레이어 원,2018-03-28,615113600,18172660271,66630,2066114,583,1915
4,4,20153447,바람 바람 바람,2018-04-05,515724e3,8253707683,57646,1009647,619,2503
5,5,20182352,"그날, 바다",2018-04-12,472535500,1509437400,55366,178265,565,1599
6,6,20180804,곤지암,2018-03-28,462040800,20518872644,52792,2567317,586,1969
7,7,20181561,덕구,2018-04-05,158967700,1893778500,19907,247764,354,642
8,8,20182221,스파키,2018-04-12,90191700,200846e3,11936,26704,312,461
9,9,20165045,머니백,2018-04-12,61189400,323300700,7349,40109,439,834
10,10,20170669,지금 만나러 갑니다,2018-03-14,59145500,20679947228,6923,2586483,198,308
1,1,20176917,램페이지,2018-04-12,480892900,6471490972,59825,746445,829,4077
2,2,20182352,"그날, 바다",2018-04-12,261960700,1771398100,33962,212227,545,1649
3,3,20181788,콰이어트 플레이스,2018-04-12,204679700,2531939364,25204,290903,554,2403
4,4,20153447,바람 바람 바람,2018-04-05,176245600,8429953283,22433,1032080,550,2439
5,5,20171122,레디 플레이어 원,2018-03-28,141392100,18314052371,16533,2082647,507,1668
6,6,20180804,곤지암,2018-03-28,109182800,20628055444,13543,2580860,499,1682
7,7,20181561,덕구,2018-04-05,39794300,1933572800,5565,253329,319,615
8,8,20165045,머니백,2018-04-12,23920500,347221200,3203,43312,407,769
9,9,20170669,지금 만나러 갑니다,2018-03-14,22555500,20702502728,3022,2589505,202,324
10,10,20128386,라이프 오브 파이,2013-01-01,17994500,16112614900,1815,1616238,79,186
1,1,20176917,램페이지,2018-04-12,415063e3,6886553972,51625,798070,836,4056
2,2,20182352,"그날, 바다",2018-04-12,177765800,1949163900,23224,235451,568,1687
3,3,20181788,콰이어트 플레이스,2018-04-12,179750700,2711690064,22294,313197,560,2365
4,4,20153447,바람 바람 바람,2018-04-05,169063600,8599016883,21724,1053804,561,2388
5,5,20171122,레디 플레이어 원,2018-03-28,126331100,18440383471,14694,2097341,515,1669
6,6,20180804,곤지암,2018-03-28,95961900,20724017344,11893,2592753,491,1610
7,7,20181561,덕구,2018-04-05,38168800,1971741600,5397,258726,307,606
8,8,20165045,머니백,2018-04-12,23066200,370287400,3186,46498,387,711
9,9,20170669,지금 만나러 갑니다,2018-03-14,18654900,20721157628,2496,2592001,201,312
10,10,20182327,달링,2018-04-12,1366e4,171816200,1885,21775,132,334
1,1,20176917,램페이지,2018-04-12,427515400,7314069372,53269,851339,857,4103
2,2,20182352,"그날, 바다",2018-04-12,175089400,2124253300,22904,258355,611,1860
3,3,20181788,콰이어트 플레이스,2018-04-12,181827e3,2893517064,22451,335648,553,2296
4,4,20153447,바람 바람 바람,2018-04-05,161380200,8760397083,20656,1074460,562,2356
5,5,20171122,레디 플레이어 원,2018-03-28,127557100,18567940571,14871,2112212,500,1653
6,6,20180804,곤지암,2018-03-28,92532400,20816549744,11576,2604329,499,1607
7,7,20181561,덕구,2018-04-05,39707e3,2011448600,5715,264441,328,641
8,8,20165045,머니백,2018-04-12,19257800,389545200,2695,49193,363,659
9,9,20170669,지금 만나러 갑니다,2018-03-14,19106300,20740263928,2559,2594560,205,330
10,10,20128386,라이프 오브 파이,2013-01-01,17978100,16147576e3,1800,1619762,77,185
1,1,20176917,램페이지,2018-04-12,362165600,7676234972,44323,895662,737,3350
2,2,20177266,나를 기억해,2018-04-19,153116700,161263500,18797,19630,484,2272
3,3,20182352,"그날, 바다",2018-04-12,144004e3,2268257300,18235,276590,569,1632
4,4,20181788,콰이어트 플레이스,2018-04-12,134169300,3027686364,16085,351733,457,1589
5,5,20153447,바람 바람 바람,2018-04-05,110122600,8870519683,13827,1088287,456,1481
6,6,20171122,레디 플레이어 원,2018-03-28,113144800,18681085371,12565,2124777,429,1129
7,7,20180804,곤지암,2018-03-28,69530800,20886080544,8387,2612716,375,863
8,8,20182701,크리미널 스쿼드,2018-04-19,36684600,39376600,4826,5165,362,803
9,9,20181561,덕구,2018-04-05,29876100,2041324700,4116,268557,219,420
10,10,20182494,몬태나,2018-04-19,27613900,45352400,3775,5821,273,561
1,1,20176917,램페이지,2018-04-12,590253190,8266488162,66901,962563,782,3566
2,2,20181788,콰이어트 플레이스,2018-04-12,219241991,3246928355,24396,376129,471,1657
3,3,20182352,"그날, 바다",2018-04-12,208542100,2476799400,24261,300851,609,1778
4,4,20177266,나를 기억해,2018-04-19,203622310,364885810,22593,42223,514,2378
5,5,20171122,레디 플레이어 원,2018-03-28,190529600,18871614971,19446,2144223,444,1187
6,6,20153447,바람 바람 바람,2018-04-05,151801099,9022320782,17175,1105462,483,1553
7,7,20180804,곤지암,2018-03-28,96549600,20982630144,10770,2623486,392,908
8,8,20181561,덕구,2018-04-05,37915300,207924e4,4983,273540,234,451
9,9,20182701,크리미널 스쿼드,2018-04-19,39846100,79222700,4780,9945,348,755
10,10,20182494,몬태나,2018-04-19,30339700,75692100,3715,9536,276,559
1,1,20176917,램페이지,2018-04-12,1338676165,9605164327,149582,1112145,887,4242
2,2,20181788,콰이어트 플레이스,2018-04-12,414776072,3661704427,45273,421402,513,1796
3,3,20182352,"그날, 바다",2018-04-12,367223500,2844022900,41908,342759,643,2045
4,4,20171122,레디 플레이어 원,2018-03-28,406654e3,19278268971,41303,2185526,503,1316
5,5,20177266,나를 기억해,2018-04-19,304255235,669141045,33511,75734,545,2370
6,6,20153447,바람 바람 바람,2018-04-05,240752993,9263073775,26596,1132058,489,1583
7,7,20180804,곤지암,2018-03-28,193444900,21176075044,21697,2645183,427,961
8,8,20182360,정글번치: 최강 악당의 등장,2018-04-19,92048900,123143200,11623,15397,313,482
9,9,20181561,덕구,2018-04-05,77166700,2156406700,9611,283151,249,486
10,10,20182701,크리미널 스쿼드,2018-04-19,49741500,128964200,5650,15595,338,671
1,1,20176917,램페이지,2018-04-12,1332310500,10937474827,147341,1259486,879,4188
2,2,20182352,"그날, 바다",2018-04-12,379433300,3223456200,43026,385785,639,1995
3,3,20181788,콰이어트 플레이스,2018-04-12,363818700,4025523127,39105,460507,515,1761
4,4,20171122,레디 플레이어 원,2018-03-28,365108700,19643377671,37070,2222596,494,1298
5,5,20177266,나를 기억해,2018-04-19,291744700,960885745,31541,107275,522,2198
6,6,20153447,바람 바람 바람,2018-04-05,24921e4,9512283775,27399,1159457,492,1558
7,7,20180804,곤지암,2018-03-28,156469e3,21332544044,17253,2662436,416,928
8,8,20182360,정글번치: 최강 악당의 등장,2018-04-19,127444700,250587900,15690,31087,331,515
9,9,20181561,덕구,2018-04-05,80252100,2236658800,9658,292809,246,476
10,10,20182701,크리미널 스쿼드,2018-04-19,52407700,181371900,5967,21562,338,633
1,1,20176917,램페이지,2018-04-12,353715900,11291190727,43247,1302733,799,3702
2,2,20182352,"그날, 바다",2018-04-12,133871300,3357327500,16952,402737,564,1893
3,3,20177266,나를 기억해,2018-04-19,111802e3,1072687745,13880,121155,499,2088
4,4,20153447,바람 바람 바람,2018-04-05,108671e3,9620954775,13678,1173135,475,1546
5,5,20181788,콰이어트 플레이스,2018-04-12,109020700,4134543827,13131,473638,464,1615
6,6,20171122,레디 플레이어 원,2018-03-28,91647500,19735025171,10166,2232762,446,1167
7,7,20180804,곤지암,2018-03-28,42851900,21375395944,5227,2667663,361,781
8,8,20181561,덕구,2018-04-05,27844300,2264503100,3824,296633,224,452
9,9,20182494,몬태나,2018-04-19,23363700,189614100,3170,23424,251,462
10,10,20182701,크리미널 스쿼드,2018-04-19,22994100,204366e3,3003,24565,327,630
1,1,20176917,램페이지,2018-04-12,284690700,11575881427,35186,1337919,817,3615
2,2,20182352,"그날, 바다",2018-04-12,125903100,3483230600,16257,418994,596,1866
3,3,20177266,나를 기억해,2018-04-19,98538500,1171226245,12225,133380,497,2010
4,4,20182561,당갈,2018-04-25,100807e3,151476e3,11868,18043,54,54
5,5,20181788,콰이어트 플레이스,2018-04-12,97671900,4232215727,11854,485492,480,1575
6,6,20153447,바람 바람 바람,2018-04-05,93297500,9714252275,11832,1184967,480,1521
7,7,20171122,레디 플레이어 원,2018-03-28,88761700,19823786871,9697,2242459,442,1140
8,8,20180804,곤지암,2018-03-28,38293600,21413689544,4645,2672308,347,720
9,9,20181561,덕구,2018-04-05,26619200,2291122300,3739,300372,230,449
10,10,20182494,몬태나,2018-04-19,19593e3,209207100,2664,26088,242,452
1,1,20177478,어벤져스: 인피니티 워,2018-04-25,6929339100,6938699100,980052,980676,2460,11429
2,2,20182352,"그날, 바다",2018-04-12,70178200,3553408800,11280,430274,366,674
3,3,20182561,당갈,2018-04-25,65090500,216566500,7976,26019,261,396
4,4,20167007,살인소설,2018-04-25,49784e3,70136e3,7827,10371,427,842
5,5,20176917,램페이지,2018-04-12,44254100,11620135527,7263,1345182,362,588
6,6,20181788,콰이어트 플레이스,2018-04-12,19009600,4251225327,2869,488361,147,207
7,7,20153447,바람 바람 바람,2018-04-05,12713400,9726965675,2023,1186990,94,138
8,8,20177266,나를 기억해,2018-04-19,10881500,1182107745,1544,134924,217,252
9,9,20176101,클레어의 카메라,2018-04-25,8046300,9710300,1255,1463,63,131
10,10,20181561,덕구,2018-04-05,7176500,2298298800,1197,301569,55,71
1,1,20177478,어벤져스: 인피니티 워,2018-04-25,5195918900,12134618e3,595680,1576356,2394,11629
2,2,20182352,"그날, 바다",2018-04-12,61046100,3614454900,7832,438106,392,697
3,3,20167007,살인소설,2018-04-25,40861400,110997400,5260,15631,434,863
4,4,20176917,램페이지,2018-04-12,35383700,11655519227,4402,1349584,345,590
5,5,20181788,콰이어트 플레이스,2018-04-12,21979600,4273204927,2639,491e3,151,215
6,6,20182561,당갈,2018-04-25,17026100,233592600,2235,28254,250,444
7,7,20153447,바람 바람 바람,2018-04-05,10313500,9737279175,1354,1188344,79,125
8,8,20177005,레슬러,2018-05-09,1008e4,20484e3,1260,2626,6,6
9,9,19990050,박하사탕,2000-01-01,8052e3,20278500,884,2218,33,78
10,10,20183195,레오나르도 다 빈치,2018-04-26,6951300,13211300,871,1615,65,67
1,1,20177478,어벤져스: 인피니티 워,2018-04-25,7026068870,19160686870,739915,2316271,2460,12190
2,2,20182352,"그날, 바다",2018-04-12,78228500,3692683400,9165,447271,376,671
3,3,20167007,살인소설,2018-04-25,51158400,162155800,5939,21570,429,831
4,4,20176917,램페이지,2018-04-12,45968030,11701487257,5361,1354945,343,559
5,5,20181788,콰이어트 플레이스,2018-04-12,31458154,4304663081,3467,494467,139,201
6,6,20182561,당갈,2018-04-25,25816700,259409300,3006,31260,252,418
7,7,20183195,레오나르도 다 빈치,2018-04-26,14924400,28135700,1845,3460,84,90
8,8,20153447,바람 바람 바람,2018-04-05,9743600,9747022775,1158,1189502,78,125
9,9,20181561,덕구,2018-04-05,6268800,2309900800,949,303350,42,60
10,10,20177962,당신의 부탁,2018-04-19,6913728,181681228,786,22606,47,56
1,1,20177478,어벤져스: 인피니티 워,2018-04-25,12300518261,31461205131,1333320,3649591,2553,13185
2,2,20182352,"그날, 바다",2018-04-12,130199700,3822883100,14820,462091,364,585
3,3,20176917,램페이지,2018-04-12,77575539,11779062796,9122,1364067,301,466
4,4,20167007,살인소설,2018-04-25,72385700,234541500,8481,30051,405,713
5,5,20183195,레오나르도 다 빈치,2018-04-26,55219e3,83354700,6793,10253,150,232
6,6,20181788,콰이어트 플레이스,2018-04-12,42497868,4347160949,4766,499233,133,180
7,7,20182561,당갈,2018-04-25,39274800,298684100,4551,35811,232,338
8,8,20182990,아기곰 보보 구출 대작전,2018-04-25,28273800,42862500,3678,5730,207,266
9,9,19990050,박하사탕,2000-01-01,14134e3,39827e3,1483,4299,35,77
10,10,20153447,바람 바람 바람,2018-04-05,10375400,9757398175,1288,1190790,57,88
1,1,20177478,어벤져스: 인피니티 워,2018-04-25,10307615400,41768820531,1114973,4764564,2548,12947
2,2,20182352,"그날, 바다",2018-04-12,121650300,3944533400,14213,476304,367,575
3,3,20176917,램페이지,2018-04-12,73164900,11852227696,8596,1372663,287,423
4,4,20167007,살인소설,2018-04-25,72583300,307124800,8319,38370,406,693
5,5,20183195,레오나르도 다 빈치,2018-04-26,64176700,147531400,7889,18142,150,240
6,6,20182561,당갈,2018-04-25,42295800,340979900,5035,40846,229,335
7,7,20181788,콰이어트 플레이스,2018-04-12,32289300,4379450249,3647,502880,118,166
8,8,20182990,아기곰 보보 구출 대작전,2018-04-25,2785e4,70712500,3610,9340,191,244
9,9,20181561,덕구,2018-04-05,8862800,2325778800,1213,305476,43,59
10,10,20182360,정글번치: 최강 악당의 등장,2018-04-19,7832200,280565300,1054,35403,43,56
1,1,20177478,어벤져스: 인피니티 워,2018-04-25,4360236e3,46129056531,495790,5260354,2462,12257
2,2,20182352,"그날, 바다",2018-04-12,77089500,4021622900,9993,486297,415,703
3,3,20176917,램페이지,2018-04-12,4292e4,11895147696,5614,1378277,300,489
4,4,20167007,살인소설,2018-04-25,40174700,347299500,5252,43622,410,745
5,5,20182561,당갈,2018-04-25,31219100,372199e3,4078,44924,242,384
6,6,20181788,콰이어트 플레이스,2018-04-12,24098700,4403548949,2928,505808,127,198
7,7,20189783,챔피언,2018-05-01,24546e3,30074e3,2760,3455,11,11
8,8,20177005,레슬러,2018-05-09,20403e3,40887e3,2552,5178,14,14
9,9,20153447,바람 바람 바람,2018-04-05,8525200,9774357575,1131,1192917,64,116
10,10,20183195,레오나르도 다 빈치,2018-04-26,8245700,155777100,1127,19269,90,109
1,1,20177478,어벤져스: 인피니티 워,2018-04-25,6013244200,52142300731,717324,5977678,2141,10730
2,2,20189783,챔피언,2018-05-01,1101397100,1131471100,139967,143422,795,3892
3,3,20182352,"그날, 바다",2018-04-12,73469700,4095092600,9958,496255,258,396
4,4,20183195,레오나르도 다 빈치,2018-04-26,45921600,201698700,6353,25622,135,198
5,5,20182990,아기곰 보보 구출 대작전,2018-04-25,29083e3,105708e3,4256,14536,143,169
6,6,20182561,당갈,2018-04-25,28724800,400923800,3922,48846,185,225
7,7,20176917,램페이지,2018-04-12,19432600,11914580296,2607,1380884,110,146
8,8,20167007,살인소설,2018-04-25,16744900,364044400,2308,45930,271,346
9,9,20181788,콰이어트 플레이스,2018-04-12,10874600,4414423549,1392,507200,64,85
10,10,20178522,콜 미 바이 유어 네임,2018-03-22,7632e3,1532990300,926,184226,15,20
